EAN;KOD;Regał;Półka;DATA PRZYJĘCIA;DATA WAŻNOŚCI;STAN
42099901;A_MAG_42099901_31032026_(B_4);B;4;13.10.2025;31.03.2026;2
59099109;A_MAG_59099109_19052026_(O_7);O;7;08.12.2025;19.05.2026;4
59099116;A_MAG_59099116_16042026_(O_7);O;7;08.12.2025;16.04.2026;4
87614019239;A_MAG_087614019239_01092027_(G_1);G;1;30.06.2025;01.09.2027;1
87614113357;A_MAG_087614113357_01102027_(X_2);X;2;16.06.2025;01.10.2027;1
87614117423;A_MAG_087614117423_01122026_(A_6);A;6;04.11.2024;01.12.2026;1
609728699611;A_MAG_609728699611_17062027_(U_6);U;6;08.12.2025;17.06.2027;3
680275029168;A_MAG_680275029168_01022028_(H_2);H;2;24.11.2025;01.02.2028;1
700596000612;A_MAG_700596000612_20052027_(C_4);C;4;27.10.2025;20.05.2027;2
700596000629;A_MAG_700596000629_01062027_(T_3);T;3;16.06.2025;01.06.2027;3
703556630768;A_MAG_703556630768_17062027_(W_3);W;3;06.10.2025;17.06.2027;2
703556630775;A_MAG_703556630775_17062027_(A_2);A;2;22.09.2025;17.06.2027;2
733739006806;A_MAG_733739006806_01082028_(A_2);A;2;19.05.2025;01.08.2028;1
733739013002;A_MAG_733739013002_01012029_(Y_1);Y;1;29.09.2025;01.01.2029;1
733739016614;A_MAG_733739016614_01012029_(C_5);C;5;11.08.2025;01.01.2029;1
733739017550;A_MAG_733739017550_01032028_(C_5);C;5;11.08.2025;01.03.2028;1
733739026750;A_MAG_733739026750_01042028_(T_4);T;4;08.09.2025;01.04.2028;1
736658556797;A_MAG_736658556797_01012027_(P_1);P;1;21.07.2025;01.01.2027;1
786471696187;A_MAG_786471696187_05022027_(H_5);H;5;29.09.2025;05.02.2027;2
786471696200;A_MAG_786471696200_11032027_(G_1);G;1;06.10.2025;11.03.2027;1
3184340000535;A_MAG_3184340000535_26042026_(H_4);H;4;08.12.2025;26.04.2026;1
3375190410012;A_MAG_3375190410012_01102026_(N_5);N;5;04.08.2025;01.10.2026;9
3375190410036;A_MAG_3375190410036_24022026_(G_5);G;5;20.10.2025;24.02.2026;2
3375190410036;A_MAG_3375190410036_24022026_(Y_6);Y;6;03.11.2025;24.02.2026;31
3383482306493;A_MAG_3383482306493_01012028_(P_6);P;6;01.12.2025;01.01.2028;1
3383482306578;A_MAG_3383482306578_01012027_(J_4);J;4;29.09.2025;01.01.2027;1
3396411242854;A_MAG_3396411242854_26032026_(K_3);K;3;01.12.2025;26.03.2026;1
3445020002554;A_MAG_3445020002554_01102026_(G_4);G;4;28.08.2025;01.10.2026;1
3445020002592;A_MAG_3445020002592_01072026_(G_4);G;4;06.10.2025;01.07.2026;1
3445020002592;A_MAG_3445020002592_01122026_(W_2);W;2;03.11.2025;01.12.2026;1
3445020101905;A_MAG_3445020101905_01062026_(W_3);W;3;08.12.2025;01.06.2026;1
3483981000967;A_MAG_3483981000967_01102026_(K_2);K;2;14.07.2025;01.10.2026;1
3661679116071;A_MAG_3661679116071_01012029_(F_7);F;7;08.12.2025;01.01.2029;2
3700110005397;A_MAG_3700110005397_01082026_(A_5);A;5;30.04.2025;01.08.2026;1
3700479107244;A_MAG_3700479107244_01122027_(P_2);P;2;20.10.2025;01.12.2027;1
3760092217966;A_MAG_3760092217966_01072026_(J_2);J;2;01.12.2025;01.07.2026;1
3760092218093;A_MAG_3760092218093_01042026_(C_4);C;4;10.11.2025;01.04.2026;1
3760128281541;A_MAG_3760128281541_30062026_(A_3);A;3;27.10.2025;30.06.2026;3
3760128282029;A_MAG_3760128282029_17062026_(I_5);I;5;22.09.2025;17.06.2026;4
3760128282142;A_MAG_3760128282142_16042026_(N_4);N;4;08.12.2025;16.04.2026;1
3760128282159;A_MAG_3760128282159_06052026_(X_1);X;1;06.10.2025;06.05.2026;1
3800218252669;A_MAG_3800218252669_04072026_(M_3);M;3;20.10.2025;04.07.2026;8
3800218252904;A_MAG_3800218252904_23052026_(C_7);C;7;13.10.2025;23.05.2026;4
3800218252904;A_MAG_3800218252904_23052026_(G_4);G;4;20.10.2025;23.05.2026;1
3800218254014;A_MAG_3800218254014_06082026_(P_2);P;2;08.12.2025;06.08.2026;3
3800218255042;A_MAG_3800218255042_25092026_(L_4);L;4;10.11.2025;25.09.2026;3
3800233685428;A_MAG_3800233685428_21122025_(K_3);K;3;06.10.2025;21.12.2025;1
3800233781243;A_MAG_3800233781243_20112026_(N_4);N;4;01.12.2025;20.11.2026;1
3800233781861;A_MAG_3800233781861_10092026_(Y_2);Y;2;24.11.2025;10.09.2026;6
3800233782370;A_MAG_3800233782370_01042026_(F_6);F;6;04.08.2025;01.04.2026;2
3800233782394;A_MAG_3800233782394_14032026_(K_5);K;5;15.09.2025;14.03.2026;1
3800233782455;A_MAG_3800233782455_28122025_(T_3);T;3;28.07.2025;28.12.2025;4
3800236132271;A_MAG_3800236132271_08092026_(G_4);G;4;08.12.2025;08.09.2026;1
3800236132301;A_MAG_3800236132301_23032026_(Y_1);Y;1;22.09.2025;23.03.2026;1
3800236132356;A_MAG_3800236132356_25112026_(N_4);N;4;01.12.2025;25.11.2026;1
3800500324012;A_MAG_3800500324012_01012029_(A_1);A;1;27.10.2025;01.01.2029;1
3800500324036;A_MAG_3800500324036_01012027_(F_3);F;3;20.01.2025;01.01.2027;1
3800500324463;A_MAG_3800500324463_01082027_(B_4);B;4;08.12.2025;01.08.2027;1
3800500324548;A_MAG_3800500324548_01092027_(T_2);T;2;26.05.2025;01.09.2027;2
3800500324784;A_MAG_3800500324784_01012027_(B_3);B;3;17.02.2025;01.01.2027;1
3800500324784;A_MAG_3800500324784_01012027_(M_3);M;3;02.06.2025;01.01.2027;1
3800500324791;A_MAG_3800500324791_01012027_(F_3);F;3;20.01.2025;01.01.2027;1
3800500324791;A_MAG_3800500324791_01012027_(J_4);J;4;22.03.2025;01.01.2027;1
4000345051411;A_MAG_4000345051411_06082026_(U_1);U;1;29.09.2025;06.08.2026;3
4000799110818;A_MAG_4000799110818_01052028_(R_1);R;1;10.11.2025;01.05.2028;2
4000915100938;A_MAG_4000915100938_17012026_(O_4);O;4;01.12.2025;17.01.2026;1
4003247705505;A_MAG_4003247705505_27102026_(S_3);S;3;24.11.2025;27.10.2026;1
4004191055821;A_MAG_4004191055821_01112026_(Y_5);Y;5;19.05.2025;01.11.2026;1
4004790017565;A_MAG_4004790017565_19072026_(F_5);F;5;20.10.2025;19.07.2026;1
4005009102911;A_MAG_4005009102911_01032026_(M_4);M;4;14.07.2025;01.03.2026;1
4005394121023;A_MAG_4005394121023_31102026_(C_1);C;1;14.08.2025;31.10.2026;3
4005394143049;A_MAG_4005394143049_01032028_(M_2);M;2;03.11.2025;01.03.2028;2
4005394200858;A_MAG_4005394200858_31052026_(B_2);B;2;24.11.2025;31.05.2026;1
4005394287866;A_MAG_4005394287866_01092026_(S_2);S;2;28.08.2025;01.09.2026;1
4005967005392;A_MAG_4005967005392_01012026_(H_5);H;5;26.05.2025;01.01.2026;1
4006040013761;A_MAG_4006040013761_15042028_(S_4);S;4;01.12.2025;15.04.2028;2
4006040155164;A_MAG_4006040155164_09052027_(O_4);O;4;17.11.2025;09.05.2027;2
4006040189008;A_MAG_4006040189008_24102026_(B_5);B;5;24.11.2025;24.10.2026;1
4006040202844;A_MAG_4006040202844_01102026_(W_3);W;3;08.12.2025;01.10.2026;1
4006040293811;A_MAG_4006040293811_19112026_(W_2);W;2;01.12.2025;19.11.2026;40
4006040294009;A_MAG_4006040294009_01022026_(C_3);C;3;27.10.2025;01.02.2026;1
4007843088925;A_MAG_4007843088925_01062027_(C_4);C;4;28.08.2025;01.06.2027;2
4010139181064;A_MAG_4010139181064_01052026_(C_2);C;2;03.11.2025;01.05.2026;1
4010139182016;A_MAG_4010139182016_01022026_(Y_3);Y;3;08.09.2025;01.02.2026;1
4010139185000;A_MAG_4010139185000_01032026_(N_3);N;3;08.09.2025;01.03.2026;1
4012346128702;A_MAG_4012346128702_01062028_(J_3);J;3;08.12.2025;01.06.2028;2
4012346128702;A_MAG_4012346128702_01062028_(G_4);G;4;08.12.2025;01.06.2028;3
4012346157306;A_MAG_4012346157306_01112027_(N_4);N;4;01.12.2025;01.11.2027;1
4012346277608;A_MAG_4012346277608_01082027_(J_2);J;2;08.12.2025;01.08.2027;3
4012346520407;A_MAG_4012346520407_01052028_(N_4);N;4;01.12.2025;01.05.2028;1
4012346626505;A_MAG_4012346626505_01012029_(X_2);X;2;01.12.2025;01.01.2029;1
4012824402003;A_MAG_4012824402003_01012028_(C_2);C;2;21.07.2025;01.01.2028;1
4012824402218;A_MAG_4012824402218_31032027_(U_2);U;2;30.07.2024;31.03.2027;1
4012824402492;A_MAG_4012824402492_31072028_(S_5);S;5;08.12.2025;31.07.2028;1
4012824402508;A_MAG_4012824402508_30042028_(T_3);T;3;20.10.2025;30.04.2028;1
4012824403222;A_MAG_4012824403222_31052028_(U_1);U;1;17.11.2025;31.05.2028;1
4012824404281;A_MAG_4012824404281_30042028_(B_5);B;5;10.11.2025;30.04.2028;1
4012824406391;A_MAG_4012824406391_31052028_(S_5);S;5;08.12.2025;31.05.2028;2
4013044100137;A_MAG_4013044100137_02102027_(U_1);U;1;08.12.2025;02.10.2027;1
4013712575038;A_MAG_4013712575038_01072028_(I_3);I;3;31.03.2025;01.07.2028;1
4015533034770;A_MAG_4015533034770_01022027_(K_7);K;7;30.04.2025;01.02.2027;10
4015533034770;A_MAG_4015533034770_01022027_(O_1);O;1;19.05.2025;01.02.2027;10
4016249017071;A_MAG_4016249017071_23082026_(W_1);W;1;20.10.2025;23.08.2026;2
4016249108571;A_MAG_4016249108571_28052026_(F_4);F;4;15.09.2025;28.05.2026;2
4016249284800;A_MAG_4016249284800_25082026_(J_4);J;4;27.10.2025;25.08.2026;1
4018462192009;A_MAG_4018462192009_28052026_(U_4);U;4;10.11.2025;28.05.2026;1
4018722100188;A_MAG_4018722100188_10062027_(A_5);A;5;10.11.2025;10.06.2027;1
4018722302575;A_MAG_4018722302575_01022028_(S_5);S;5;16.06.2025;01.02.2028;1
4018722302575;A_MAG_4018722302575_01022028_(T_3);T;3;07.07.2025;01.02.2028;1
4019555700200;A_MAG_4019555700200_01012027_(B_6);B;6;16.06.2025;01.01.2027;1
4019736006466;A_MAG_4019736006466_16072026_(H_3);H;3;01.12.2025;16.07.2026;1
4019736008859;A_MAG_4019736008859_01052027_(R_2);R;2;28.07.2025;01.05.2027;1
4019736008910;A_MAG_4019736008910_21082027_(U_5);U;5;13.10.2025;21.08.2027;1
4025089006626;A_MAG_4025089006626_01012028_(O_2);O;2;01.12.2025;01.01.2028;1
4025089081289;A_MAG_4025089081289_01052027_(M_3);M;3;14.07.2025;01.05.2027;1
4025089081296;A_MAG_4025089081296_01012027_(G_3);G;3;17.11.2025;01.01.2027;1
4025089081319;A_MAG_4025089081319_01082027_(B_7);B;7;24.11.2025;01.08.2027;1
4025089086178;A_MAG_4025089086178_01122026_(Y_3);Y;3;26.05.2025;01.12.2026;1
4030917056704;A_MAG_4030917056704_01032027_(O_3);O;3;15.09.2025;01.03.2027;1
4030917056902;A_MAG_4030917056902_01022027_(A_5);A;5;15.09.2025;01.02.2027;2
4030917057305;A_MAG_4030917057305_01092026_(M_4);M;4;19.05.2025;01.09.2026;1
4030917057909;A_MAG_4030917057909_01092026_(L_1);L;1;19.05.2025;01.09.2026;1
4035129010759;A_MAG_4035129010759_28022027_(Y_5);Y;5;24.11.2025;28.02.2027;1
4038375024204;A_MAG_4038375024204_29082026_(B_6);B;6;10.11.2025;29.08.2026;1
4038375024204;A_MAG_4038375024204_29082026_(H_1);H;1;10.11.2025;29.08.2026;7
4038375024204;A_MAG_4038375024204_29082026_(F_6);F;6;17.11.2025;29.08.2026;1
4038375024204;A_MAG_4038375024204_29082026_(G_3);G;3;08.12.2025;29.08.2026;1
4038375024204;A_MAG_4038375024204_29082026_(B_3);B;3;08.12.2025;29.08.2026;1
4038375024396;A_MAG_4038375024396_07052026_(S_3);S;3;01.12.2025;07.05.2026;1
4038375024419;A_MAG_4038375024419_17072026_(X_4);X;4;10.11.2025;17.07.2026;1
4038375024600;A_MAG_4038375024600_04092026_(N_3);N;3;08.12.2025;04.09.2026;3
4038375024600;A_MAG_4038375024600_04092026_(G_2);G;2;08.12.2025;04.09.2026;2
4038375025003;A_MAG_4038375025003_24092026_(H_3);H;3;08.12.2025;24.09.2026;1
4038375025102;A_MAG_4038375025102_03062026_(W_3);W;3;17.11.2025;03.06.2026;2
4038375025300;A_MAG_4038375025300_08092026_(U_1);U;1;01.12.2025;08.09.2026;1
4038375025928;A_MAG_4038375025928_22102026_(U_1);U;1;01.12.2025;22.10.2026;1
4044889002515;A_MAG_4044889002515_01092026_(T_1);T;1;13.10.2025;01.09.2026;2
4044889002522;A_MAG_4044889002522_01122026_(H_1);H;1;07.07.2025;01.12.2026;1
4044889002522;A_MAG_4044889002522_01122026_(K_5);K;5;01.12.2025;01.12.2026;1
4044889003192;A_MAG_4044889003192_01082026_(K_4);K;4;10.11.2025;01.08.2026;1
4044889003208;A_MAG_4044889003208_01082026_(K_4);K;4;10.11.2025;01.08.2026;1
4044889004502;A_MAG_4044889004502_01112026_(B_6);B;6;17.11.2025;01.11.2026;1
4044889004601;A_MAG_4044889004601_01072026_(S_1);S;1;01.12.2025;01.07.2026;1
4044889004793;A_MAG_4044889004793_01112026_(B_4);B;4;03.11.2025;01.11.2026;3
4044889004861;A_MAG_4044889004861_01092026_(W_2);W;2;15.09.2025;01.09.2026;1
4044889005134;A_MAG_4044889005134_01092026_(W_1);W;1;29.09.2025;01.09.2026;1
4044889005264;A_MAG_4044889005264_01092027_(N_5);N;5;10.11.2025;01.09.2027;1
4048885051447;A_MAG_4048885051447_01072026_(C_2);C;2;23.06.2025;01.07.2026;1
4055297220804;A_MAG_4055297220804_01012027_(U_5);U;5;27.10.2025;01.01.2027;1
4055297221283;A_MAG_4055297221283_01122028_(B_7);B;7;13.10.2025;01.12.2028;1
4055297221528;A_MAG_4055297221528_01012028_(M_2);M;2;17.11.2025;01.01.2028;1
4055297221580;A_MAG_4055297221580_01012028_(C_2);C;2;13.10.2025;01.01.2028;1
4106060076026;A_MAG_4106060076026_03052027_(O_5);O;5;15.07.2024;03.05.2027;1
4260183213130;A_MAG_4260183213130_18012027_(Y_4);Y;4;08.09.2025;18.01.2027;2
4260183213529;A_MAG_4260183213529_01012026_(N_1);N;1;10.03.2025;01.01.2026;1
4260183213529;A_MAG_4260183213529_01042026_(O_1);O;1;09.06.2025;01.04.2026;1
4260237453581;A_MAG_4260237453581_01022026_(A_2);A;2;22.04.2025;01.02.2026;1
4260249140288;A_MAG_4260249140288_04022026_(G_4);G;4;20.10.2025;04.02.2026;1
4260249145610;A_MAG_4260249145610_12072026_(P_5);P;5;08.12.2025;12.07.2026;2
4260311981511;A_MAG_4260311981511_03062026_(X_5);X;5;08.12.2025;03.06.2026;1
4260311983423;A_MAG_4260311983423_14082026_(X_5);X;5;08.12.2025;14.08.2026;1
4260311983911;A_MAG_4260311983911_15072026_(X_1);X;1;08.12.2025;15.07.2026;2
4260311983973;A_MAG_4260311983973_14042026_(Y_2);Y;2;22.09.2025;14.04.2026;2
4260311984673;A_MAG_4260311984673_01022026_(U_4);U;4;28.08.2025;01.02.2026;2
4260311984697;A_MAG_4260311984697_30052026_(Y_6);Y;6;08.12.2025;30.05.2026;2
4260311984758;A_MAG_4260311984758_01062026_(Y_3);Y;3;21.07.2025;01.06.2026;2
4260311984932;A_MAG_4260311984932_22072026_(Y_6);Y;6;08.12.2025;22.07.2026;2
4260311985311;A_MAG_4260311985311_06032026_(B_4);B;4;08.09.2025;06.03.2026;2
4260355580558;A_MAG_4260355580558_01042027_(O_4);O;4;08.12.2025;01.04.2027;1
4260595857984;A_MAG_4260595857984_01012029_(E_1);E;1;04.08.2025;01.01.2029;1
4260618523094;A_MAG_4260618523094_13082026_(O_4);O;4;08.12.2025;13.08.2026;3
4262397070004;A_MAG_4262397070004_18042026_(X_2);X;2;13.10.2025;18.04.2026;2
4270000598227;A_MAG_4270000598227_06062026_(X_4);X;4;08.12.2025;06.06.2026;1
4316734094946;A_MAG_4316734094946_28102026_(W_1);W;1;20.10.2025;28.10.2026;1
4743318101286;A_MAG_4743318101286_01012028_(B_5);B;5;13.10.2025;01.01.2028;1
4744183013490;A_MAG_4744183013490_01012028_(U_6);U;6;27.10.2025;01.01.2028;1
4744481012027;A_MAG_4744481012027_23072026_(F_5);F;5;08.12.2025;23.07.2026;1
4751022365597;A_MAG_4751022365597_02122026_(O_1);O;1;10.11.2025;02.12.2026;1
4751022365764;A_MAG_4751022365764_20112026_(J_1);J;1;27.10.2025;20.11.2026;1
4751022365788;A_MAG_4751022365788_19112026_(T_2);T;2;01.12.2025;19.11.2026;1
4751022365818;A_MAG_4751022365818_27022027_(Y_1);Y;1;01.12.2025;27.02.2027;2
4751022365818;A_MAG_4751022365818_27022027_(T_2);T;2;01.12.2025;27.02.2027;1
4751022365832;A_MAG_4751022365832_09122026_(T_2);T;2;01.12.2025;09.12.2026;3
4771085204916;A_MAG_4771085204916_09092026_(G_4);G;4;17.11.2025;09.09.2026;2
4779030680075;A_MAG_4779030680075_01012027_(F_6);F;6;04.08.2025;01.01.2027;2
4792022090003;A_MAG_4792022090003_26102026_(B_4);B;4;13.10.2025;26.10.2026;2
4820058210413;A_MAG_4820058210413_01012027_(U_5);U;5;04.08.2025;01.01.2027;1
4820219347484;A_MAG_4820219347484_22062026_(W_3);W;3;03.11.2025;22.06.2026;2
4820219347491;A_MAG_4820219347491_13042026_(H_2);H;2;13.10.2025;13.04.2026;5
4820219347521;A_MAG_4820219347521_22052026_(S_5);S;5;01.12.2025;22.05.2026;3
4820219348641;A_MAG_4820219348641_12082026_(F_3);F;3;08.12.2025;12.08.2026;1
4820262540672;A_MAG_4820262540672_13042026_(T_2);T;2;20.10.2025;13.04.2026;1
4860019002817;A_MAG_4860019002817_01012027_(N_5);N;5;08.12.2025;01.01.2027;2
5013665117674;A_MAG_5013665117674_01042027_(U_2);U;2;06.10.2025;01.04.2027;1
5021991938757;A_MAG_5021991938757_15072027_(F_3);F;3;24.11.2025;15.07.2027;1
5021991941580;A_MAG_5021991941580_10082027_(J_2);J;2;08.12.2025;10.08.2027;1
5021991941665;A_MAG_5021991941665_27052027_(A_2);A;2;17.11.2025;27.05.2027;1
5021991941689;A_MAG_5021991941689_13012028_(H_1);H;1;03.11.2025;13.01.2028;1
5021991941788;A_MAG_5021991941788_04082027_(I_2);I;2;08.12.2025;04.08.2027;1
5021991944567;A_MAG_5021991944567_01032026_(G_5);G;5;08.12.2025;01.03.2026;3
5021991944574;A_MAG_5021991944574_01062026_(H_5);H;5;08.12.2025;01.06.2026;3
5022496016940;A_MAG_5022496016940_01012028_(K_5);K;5;10.11.2025;01.01.2028;1
5022496016940;A_MAG_5022496016940_01012027_(M_3);M;3;17.11.2025;01.01.2027;1
5022496016971;A_MAG_5022496016971_01102027_(B_5);B;5;13.10.2025;01.10.2027;1
5022496192507;A_MAG_5022496192507_01082026_(S_3);S;3;22.09.2025;01.08.2026;1
5060691233472;A_MAG_5060691233472_04082027_(K_2);K;2;08.12.2025;04.08.2027;1
5060691233489;A_MAG_5060691233489_08062027_(L_4);L;4;01.12.2025;08.06.2027;6
5060691236305;A_MAG_5060691236305_27122026_(O_3);O;3;01.12.2025;27.12.2026;3
5060691236329;A_MAG_5060691236329_01092027_(Y_1);Y;1;06.10.2025;01.09.2027;2
5060691237210;A_MAG_5060691237210_17062027_(A_1);A;1;08.12.2025;17.06.2027;3
5200118472668;A_MAG_5200118472668_01032026_(X_1);X;1;06.06.2025;01.03.2026;1
5203447711170;A_MAG_5203447711170_13112027_(H_2);H;2;08.12.2025;13.11.2027;1
5203447711200;A_MAG_5203447711200_08092027_(B_2);B;2;24.11.2025;08.09.2027;1
5400164130066;A_MAG_5400164130066_18032028_(J_3);J;3;24.11.2025;18.03.2028;2
5400164130066;A_MAG_5400164130066_18032028_(W_4);W;4;01.12.2025;18.03.2028;1
5411788036498;A_MAG_5411788036498_26062027_(R_1);R;1;08.12.2025;26.06.2027;1
5411788046503;A_MAG_5411788046503_01042027_(E_1);E;1;27.10.2025;01.04.2027;1
5412360015252;A_MAG_5412360015252_01012026_(N_1);N;1;09.12.2024;01.01.2026;1
5412360018420;A_MAG_5412360018420_01022029_(I_2);I;2;08.12.2025;01.02.2029;1
5412360023097;A_MAG_5412360023097_01012028_(B_1);B;1;14.06.2024;01.01.2028;1
5425038430387;A_MAG_5425038430387_10012027_(R_1);R;1;03.11.2025;10.01.2027;1
5425038430455;A_MAG_5425038430455_12072026_(T_4);T;4;20.10.2025;12.07.2026;1
5601029000115;A_MAG_5601029000115_01012029_(I_2);I;2;08.12.2025;01.01.2029;2
5601029000115;A_MAG_5601029000115_30092029_(X_1);X;1;08.12.2025;30.09.2029;2
5601159206890;A_MAG_5601159206890_01012029_(I_2);I;2;08.12.2025;01.01.2029;2
5601159206890;A_MAG_5601159206890_01012029_(H_4);H;4;08.12.2025;01.01.2029;4
5701410409265;A_MAG_5701410409265_01012028_(X_1);X;1;08.12.2025;01.01.2028;2
5701410419479;A_MAG_5701410419479_01012029_(O_4);O;4;04.08.2025;01.01.2029;1
5900028007775;A_MAG_5900028007775_03102026_(U_5);U;5;17.11.2025;03.10.2026;3
5900038001213;A_MAG_5900038001213_01072026_(W_3);W;3;24.11.2025;01.07.2026;4
5900038001657;A_MAG_5900038001657_01082026_(U_6);U;6;10.11.2025;01.08.2026;14
5900038001657;A_MAG_5900038001657_01082026_(J_2);J;2;17.11.2025;01.08.2026;3
5900038001664;A_MAG_5900038001664_01062026_(F_1);F;1;17.11.2025;01.06.2026;24
5900038001930;A_MAG_5900038001930_01072026_(S_1);S;1;20.10.2025;01.07.2026;7
5900038001930;A_MAG_5900038001930_01072026_(T_3);T;3;03.11.2025;01.07.2026;1
5900038001947;A_MAG_5900038001947_01062026_(J_3);J;3;15.09.2025;01.06.2026;3
5900038001947;A_MAG_5900038001947_01062026_(N_4);N;4;17.11.2025;01.06.2026;1
5900038001954;A_MAG_5900038001954_01062026_(T_3);T;3;29.09.2025;01.06.2026;15
5900038001978;A_MAG_5900038001978_01052026_(I_1);I;1;28.07.2025;01.05.2026;5
5900038001978;A_MAG_5900038001978_01052026_(S_3);S;3;24.11.2025;01.05.2026;1
5900038001985;A_MAG_5900038001985_01092026_(M_1);M;1;01.12.2025;01.09.2026;20
5900038002197;A_MAG_5900038002197_01052026_(P_1);P;1;14.07.2025;01.05.2026;3
5900038002203;A_MAG_5900038002203_01082026_(F_1);F;1;13.10.2025;01.08.2026;5
5900038002203;A_MAG_5900038002203_01082026_(O_2);O;2;01.12.2025;01.08.2026;1
5900038002326;A_MAG_5900038002326_01062026_(K_3);K;3;17.11.2025;01.06.2026;7
5900038002333;A_MAG_5900038002333_01062026_(B_1);B;1;06.10.2025;01.06.2026;1
5900038002371;A_MAG_5900038002371_01122026_(W_1);W;1;08.12.2025;01.12.2026;1
5900038002401;A_MAG_5900038002401_01092027_(F_7);F;7;08.12.2025;01.09.2027;44
5900038002432;A_MAG_5900038002432_01012027_(F_6);F;6;14.08.2025;01.01.2027;2
5900038003033;A_MAG_5900038003033_07122026_(L_5);L;5;27.10.2025;07.12.2026;2
5900038003071;A_MAG_5900038003071_10102026_(C_6);C;6;15.09.2025;10.10.2026;1
5900038003330;A_MAG_5900038003330_01082026_(I_3);I;3;03.11.2025;01.08.2026;1
5900038003385;A_MAG_5900038003385_01102026_(T_5);T;5;10.11.2025;01.10.2026;1
5900038003491;A_MAG_5900038003491_01052026_(Y_6);Y;6;02.06.2025;01.05.2026;1
5900038003507;A_MAG_5900038003507_01072026_(Y_2);Y;2;30.06.2025;01.07.2026;2
5900038003545;A_MAG_5900038003545_01082026_(L_5);L;5;27.10.2025;01.08.2026;3
5900038003682;A_MAG_5900038003682_01072026_(M_2);M;2;28.07.2025;01.07.2026;1
5900038003699;A_MAG_5900038003699_21062026_(B_4);B;4;08.09.2025;21.06.2026;1
5900038003699;A_MAG_5900038003699_21062026_(L_5);L;5;27.10.2025;21.06.2026;1
5900238562354;A_MAG_5900238562354_02072026_(J_6);J;6;01.09.2025;02.07.2026;2
5900238562378;A_MAG_5900238562378_04072026_(J_6);J;6;01.09.2025;04.07.2026;2
5900652816545;A_MAG_5900652816545_01032028_(X_5);X;5;08.12.2025;01.03.2028;1
5900672300871;A_MAG_5900672300871_22082026_(W_3);W;3;08.12.2025;22.08.2026;2
5900672302462;A_MAG_5900672302462_27092026_(B_4);B;4;08.12.2025;27.09.2026;5
5900672302516;A_MAG_5900672302516_02102026_(F_3);F;3;08.12.2025;02.10.2026;1
5900672305371;A_MAG_5900672305371_03082026_(W_1);W;1;15.09.2025;03.08.2026;1
5900672307955;A_MAG_5900672307955_09102026_(R_1);R;1;08.12.2025;09.10.2026;1
5900672307962;A_MAG_5900672307962_08012027_(M_6);M;6;17.11.2025;08.01.2027;1
5900672308006;A_MAG_5900672308006_01012027_(M_5);M;5;29.09.2025;01.01.2027;1
5900900003093;A_MAG_5900900003093_01112027_(N_3);N;3;08.12.2025;01.11.2027;2
5901122274032;A_MAG_5901122274032_01012029_(N_4);N;4;15.09.2025;01.01.2029;2
5901549275742;A_MAG_5901549275742_01072026_(G_3);G;3;17.03.2025;01.07.2026;1
5901549275919;A_MAG_5901549275919_17032027_(B_4);B;4;08.12.2025;17.03.2027;2
5901597385103;A_MAG_5901597385103_01092026_(F_3);F;3;17.11.2025;01.09.2026;14
5901597385479;A_MAG_5901597385479_01012026_(O_2);O;2;19.05.2025;01.01.2026;10
5901597385479;A_MAG_5901597385479_01012026_(P_2);P;2;08.12.2025;01.01.2026;2
5901597385547;A_MAG_5901597385547_30092026_(U_4);U;4;17.11.2025;30.09.2026;1
5901597385738;A_MAG_5901597385738_01062026_(N_4);N;4;15.09.2025;01.06.2026;19
5901597385745;A_MAG_5901597385745_01062026_(T_5);T;5;21.07.2025;01.06.2026;6
5901597385745;A_MAG_5901597385745_01062026_(T_3);T;3;03.11.2025;01.06.2026;1
5901641001386;A_MAG_5901641001386_01012027_(I_2);I;2;26.05.2025;01.01.2027;1
5901641005919;A_MAG_5901641005919_01092026_(P_4);P;4;22.09.2025;01.09.2026;1
5901680000111;A_MAG_5901680000111_26022026_(J_4);J;4;27.10.2025;26.02.2026;2
5901749013618;A_MAG_5901749013618_11032026_(O_3);O;3;15.09.2025;11.03.2026;2
5901785341157;A_MAG_5901785341157_22102026_(I_2);I;2;08.12.2025;22.10.2026;1
5901866000140;A_MAG_5901866000140_13102027_(P_1);P;1;01.12.2025;13.10.2027;1
5901866003813;A_MAG_5901866003813_12062027_(X_4);X;4;08.12.2025;12.06.2027;1
5901866005893;A_MAG_5901866005893_17032027_(A_1);A;1;27.10.2025;17.03.2027;1
5901902002022;A_MAG_5901902002022_01092028_(X_3);X;3;20.10.2025;01.09.2028;2
5901902002091;A_MAG_5901902002091_17072028_(A_7);A;7;29.09.2025;17.07.2028;1
5901902002091;A_MAG_5901902002091_17072028_(O_3);O;3;17.11.2025;17.07.2028;1
5901902002596;A_MAG_5901902002596_01042028_(B_1);B;1;24.11.2025;01.04.2028;2
5901902004286;A_MAG_5901902004286_01092028_(B_2);B;2;10.11.2025;01.09.2028;1
5901943000032;A_MAG_5901943000032_31122027_(F_6);F;6;01.12.2025;31.12.2027;1
5902003713725;A_MAG_5902003713725_07042026_(L_5);L;5;27.10.2025;07.04.2026;1
5902020901990;A_MAG_5902020901990_16092027_(S_3);S;3;14.08.2025;16.09.2027;1
5902101521802;A_MAG_5902101521802_01062027_(S_3);S;3;22.09.2025;01.06.2027;1
5902166751428;A_MAG_5902166751428_13082027_(H_2);H;2;08.12.2025;13.08.2027;1
5902175860197;A_MAG_5902175860197_28102026_(P_2);P;2;24.11.2025;28.10.2026;1
5902367400040;A_MAG_5902367400040_30042026_(P_4);P;4;10.11.2025;30.04.2026;9
5902367401825;A_MAG_5902367401825_17062026_(B_1);B;1;06.10.2025;17.06.2026;4
5902367401849;A_MAG_5902367401849_13072026_(J_5);J;5;10.11.2025;13.07.2026;4
5902367402112;A_MAG_5902367402112_30042029_(N_3);N;3;27.10.2025;30.04.2029;3
5902367402129;A_MAG_5902367402129_01092027_(J_1);J;1;10.02.2025;01.09.2027;3
5902367402389;A_MAG_5902367402389_06012026_(B_2);B;2;24.11.2025;06.01.2026;1
5902367402464;A_MAG_5902367402464_17042026_(X_2);X;2;06.10.2025;17.04.2026;4
5902367402525;A_MAG_5902367402525_01042027_(S_5);S;5;01.12.2025;01.04.2027;5
5902367402532;A_MAG_5902367402532_01042027_(J_5);J;5;03.11.2025;01.04.2027;3
5902367403409;A_MAG_5902367403409_30062026_(U_3);U;3;06.10.2025;30.06.2026;2
5902367403560;A_MAG_5902367403560_10062026_(F_2);F;2;10.11.2025;10.06.2026;4
5902367403584;A_MAG_5902367403584_09092026_(F_2);F;2;10.11.2025;09.09.2026;4
5902367403584;A_MAG_5902367403584_09092026_(Y_1);Y;1;01.12.2025;09.09.2026;1
5902367403706;A_MAG_5902367403706_01012026_(X_5);X;5;30.06.2025;01.01.2026;2
5902367404390;A_MAG_5902367404390_31052026_(H_1);H;1;27.10.2025;31.05.2026;4
5902367404826;A_MAG_5902367404826_01022027_(R_2);R;2;28.07.2025;01.02.2027;2
5902367404864;A_MAG_5902367404864_23062026_(C_4);C;4;24.11.2025;23.06.2026;2
5902367404888;A_MAG_5902367404888_27072026_(P_3);P;3;10.11.2025;27.07.2026;4
5902367405038;A_MAG_5902367405038_04092026_(I_3);I;3;13.10.2025;04.09.2026;5
5902367405236;A_MAG_5902367405236_07082027_(G_1);G;1;03.11.2025;07.08.2027;4
5902367405274;A_MAG_5902367405274_21082027_(O_4);O;4;29.09.2025;21.08.2027;4
5902367405311;A_MAG_5902367405311_09092027_(B_7);B;7;13.10.2025;09.09.2027;4
5902367405311;A_MAG_5902367405311_09092027_(G_4);G;4;20.10.2025;09.09.2027;1
5902367405519;A_MAG_5902367405519_01032027_(X_1);X;1;20.10.2025;01.03.2027;3
5902367405533;A_MAG_5902367405533_01012027_(S_5);S;5;13.10.2025;01.01.2027;1
5902367405854;A_MAG_5902367405854_03072027_(X_3);X;3;20.10.2025;03.07.2027;4
5902367406073;A_MAG_5902367406073_01092027_(R_2);R;2;08.12.2025;01.09.2027;3
5902367406110;A_MAG_5902367406110_01112026_(L_2);L;2;07.07.2025;01.11.2026;1
5902367406219;A_MAG_5902367406219_01092026_(B_3);B;3;03.11.2025;01.09.2026;14
5902367406219;A_MAG_5902367406219_01092026_(N_4);N;4;17.11.2025;01.09.2026;1
5902367406233;A_MAG_5902367406233_01092026_(T_1);T;1;01.12.2025;01.09.2026;6
5902367406257;A_MAG_5902367406257_01042026_(W_5);W;5;13.10.2025;01.04.2026;18
5902367406257;A_MAG_5902367406257_01042026_(G_5);G;5;20.10.2025;01.04.2026;2
5902367407315;A_MAG_5902367407315_08082026_(I_2);I;2;08.12.2025;08.08.2026;1
5902367407315;A_MAG_5902367407315_04062026_(U_1);U;1;08.12.2025;04.06.2026;1
5902367407834;A_MAG_5902367407834_30042026_(O_4);O;4;20.10.2025;30.04.2026;4
5902367407858;A_MAG_5902367407858_30032026_(E_5);E;5;13.10.2025;30.03.2026;3
5902367407865;A_MAG_5902367407865_30032026_(E_7);E;7;22.09.2025;30.03.2026;4
5902367408961;A_MAG_5902367408961_30062026_(P_3);P;3;13.10.2025;30.06.2026;5
5902367409241;A_MAG_5902367409241_27072027_(N_5);N;5;27.10.2025;27.07.2027;2
5902367409753;A_MAG_5902367409753_01042026_(X_5);X;5;10.11.2025;01.04.2026;1
5902367409777;A_MAG_5902367409777_10032027_(I_2);I;2;08.12.2025;10.03.2027;1
5902367410001;A_MAG_5902367410001_01102026_(H_4);H;4;04.08.2025;01.10.2026;35
5902425050248;A_MAG_5902425050248_01012027_(R_3);R;3;10.11.2025;01.01.2027;4
5902425050286;A_MAG_5902425050286_01052027_(U_6);U;6;28.07.2025;01.05.2027;3
5902425050293;A_MAG_5902425050293_01012027_(A_3);A;3;22.04.2025;01.01.2027;1
5902425050545;A_MAG_5902425050545_01062027_(R_1);R;1;10.11.2025;01.06.2027;1
5902425050798;A_MAG_5902425050798_15022026_(M_5);M;5;08.12.2025;15.02.2026;1
5902425050835;A_MAG_5902425050835_31012027_(M_5);M;5;08.12.2025;31.01.2027;1
5902425050958;A_MAG_5902425050958_01052026_(Y_3);Y;3;23.06.2025;01.05.2026;1
5902425050996;A_MAG_5902425050996_28082026_(M_3);M;3;10.11.2025;28.08.2026;1
5902425050996;A_MAG_5902425050996_28082026_(J_2);J;2;10.11.2025;28.08.2026;2
5902425051009;A_MAG_5902425051009_30112026_(N_2);N;2;22.09.2025;30.11.2026;1
5902425051016;A_MAG_5902425051016_30042027_(P_6);P;6;08.12.2025;30.04.2027;1
5902425051054;A_MAG_5902425051054_30092026_(W_4);W;4;24.11.2025;30.09.2026;4
5902425051146;A_MAG_5902425051146_31072027_(S_5);S;5;01.12.2025;31.07.2027;3
5902425055618;A_MAG_5902425055618_07072027_(W_2);W;2;01.12.2025;07.07.2027;5
5902425055625;A_MAG_5902425055625_07052027_(M_2);M;2;08.12.2025;07.05.2027;1
5902425055625;A_MAG_5902425055625_07052027_(F_3);F;3;08.12.2025;07.05.2027;1
5902425055687;A_MAG_5902425055687_30042027_(F_1);F;1;15.09.2025;30.04.2027;2
5902425055694;A_MAG_5902425055694_01062026_(I_4);I;4;08.12.2025;01.06.2026;3
5902425055724;A_MAG_5902425055724_25042026_(U_4);U;4;10.11.2025;25.04.2026;1
5902425055809;A_MAG_5902425055809_12092026_(W_4);W;4;01.12.2025;12.09.2026;2
5902425055861;A_MAG_5902425055861_31072026_(Y_4);Y;4;24.11.2025;31.07.2026;1
5902425055885;A_MAG_5902425055885_15102026_(N_3);N;3;24.11.2025;15.10.2026;2
5902425055885;A_MAG_5902425055885_15102026_(W_5);W;5;01.12.2025;15.10.2026;2
5902425055892;A_MAG_5902425055892_24112026_(O_3);O;3;29.09.2025;24.11.2026;1
5902425055892;A_MAG_5902425055892_24112026_(T_2);T;2;06.10.2025;24.11.2026;1
5902425055915;A_MAG_5902425055915_04102026_(U_2);U;2;01.12.2025;04.10.2026;3
5902425055946;A_MAG_5902425055946_30122026_(K_4);K;4;06.10.2025;30.12.2026;1
5902425055991;A_MAG_5902425055991_16072026_(N_1);N;1;24.11.2025;16.07.2026;2
5902425056011;A_MAG_5902425056011_31052026_(U_2);U;2;10.11.2025;31.05.2026;2
5902425056073;A_MAG_5902425056073_30062026_(P_5);P;5;15.09.2025;30.06.2026;2
5902425514726;A_MAG_5902425514726_01062026_(C_3);C;3;12.05.2025;01.06.2026;1
5902431592732;A_MAG_5902431592732_27022026_(U_4);U;4;01.12.2025;27.02.2026;1
5902447501001;A_MAG_5902447501001_15062026_(Y_5);Y;5;24.11.2025;15.06.2026;1
5902448162737;A_MAG_5902448162737_01082026_(A_1);A;1;14.08.2025;01.08.2026;1
5902448165073;A_MAG_5902448165073_12092027_(U_3);U;3;08.12.2025;12.09.2027;5
5902448165097;A_MAG_5902448165097_28032027_(T_3);T;3;10.11.2025;28.03.2027;1
5902448165097;A_MAG_5902448165097_28032027_(T_4);T;4;10.11.2025;28.03.2027;1
5902448169293;A_MAG_5902448169293_01072026_(I_3);I;3;09.06.2025;01.07.2026;1
5902448289403;A_MAG_5902448289403_01032028_(B_4);B;4;13.10.2025;01.03.2028;1
5902479610313;A_MAG_5902479610313_01032027_(K_4);K;4;14.07.2025;01.03.2027;1
5902488066101;A_MAG_5902488066101_01052026_(G_4);G;4;28.08.2025;01.05.2026;2
5902488069799;A_MAG_5902488069799_16052027_(I_5);I;5;08.12.2025;16.05.2027;1
5902565210205;A_MAG_5902565210205_12092026_(W_2);W;2;08.12.2025;12.09.2026;1
5902565214388;A_MAG_5902565214388_20082026_(T_3);T;3;10.11.2025;20.08.2026;1
5902565214395;A_MAG_5902565214395_01092026_(N_4);N;4;17.11.2025;01.09.2026;1
5902565214968;A_MAG_5902565214968_30092026_(J_5);J;5;03.11.2025;30.09.2026;1
5902565215842;A_MAG_5902565215842_01102026_(N_4);N;4;01.12.2025;01.10.2026;1
5902565216559;A_MAG_5902565216559_04092026_(Y_6);Y;6;08.12.2025;04.09.2026;1
5902565216849;A_MAG_5902565216849_08092026_(S_5);S;5;27.10.2025;08.09.2026;1
5902581617095;A_MAG_5902581617095_02082027_(C_5);C;5;15.09.2025;02.08.2027;1
5902605414099;A_MAG_5902605414099_31072027_(W_3);W;3;01.12.2025;31.07.2027;1
5902605416482;A_MAG_5902605416482_07112026_(F_5);F;5;08.12.2025;07.11.2026;1
5902605416802;A_MAG_5902605416802_06032027_(Y_4);Y;4;01.12.2025;06.03.2027;2
5902609001400;A_MAG_5902609001400_01102026_(O_2);O;2;08.12.2025;01.10.2026;1
5902650273825;A_MAG_5902650273825_01072026_(A_1);A;1;30.06.2025;01.07.2026;1
5902650275614;A_MAG_5902650275614_01012027_(I_2);I;2;10.11.2025;01.01.2027;1
5902650275614;A_MAG_5902650275614_01012027_(S_3);S;3;24.11.2025;01.01.2027;1
5902650275621;A_MAG_5902650275621_01122026_(F_7);F;7;04.08.2025;01.12.2026;5
5902650275621;A_MAG_5902650275621_01122026_(N_1);N;1;28.08.2025;01.12.2026;11
5902650275621;A_MAG_5902650275621_01122026_(Y_3);Y;3;15.09.2025;01.12.2026;10
5902650275621;A_MAG_5902650275621_01122026_(H_2);H;2;13.10.2025;01.12.2026;8
5902650275621;A_MAG_5902650275621_01122026_(I_2);I;2;01.12.2025;01.12.2026;18
5902650275669;A_MAG_5902650275669_18072026_(I_1);I;1;24.11.2025;18.07.2026;1
5902650276178;A_MAG_5902650276178_01122026_(A_6);A;6;04.11.2024;01.12.2026;1
5902650278080;A_MAG_5902650278080_24072026_(M_2);M;2;08.12.2025;24.07.2026;3
5902687150236;A_MAG_5902687150236_01092027_(X_2);X;2;01.09.2025;01.09.2027;1
5902687150984;A_MAG_5902687150984_01032028_(J_2);J;2;17.11.2025;01.03.2028;1
5902687150984;A_MAG_5902687150984_01032028_(Y_1);Y;1;01.12.2025;01.03.2028;1
5902687151820;A_MAG_5902687151820_01062027_(G_3);G;3;17.11.2025;01.06.2027;2
5902693122517;A_MAG_5902693122517_06122027_(T_5);T;5;01.12.2025;06.12.2027;1
5902741001238;A_MAG_5902741001238_02102027_(Y_1);Y;1;01.12.2025;02.10.2027;1
5902741001245;A_MAG_5902741001245_03102027_(J_1);J;1;17.11.2025;03.10.2027;1
5902741001344;A_MAG_5902741001344_05092027_(T_5);T;5;10.11.2025;05.09.2027;1
5902741001641;A_MAG_5902741001641_03102026_(P_3);P;3;01.12.2025;03.10.2026;3
5902741002280;A_MAG_5902741002280_01102027_(P_5);P;5;01.12.2025;01.10.2027;2
5902741003102;A_MAG_5902741003102_02102027_(W_5);W;5;01.12.2025;02.10.2027;2
5902741003614;A_MAG_5902741003614_01102026_(S_5);S;5;03.03.2025;01.10.2026;1
5902741003898;A_MAG_5902741003898_01032026_(F_2);F;2;31.03.2025;01.03.2026;2
5902741004505;A_MAG_5902741004505_01102027_(Y_5);Y;5;10.11.2025;01.10.2027;4
5902741005076;A_MAG_5902741005076_01042027_(B_3);B;3;08.12.2025;01.04.2027;1
5902741006035;A_MAG_5902741006035_01032027_(A_5);A;5;11.08.2025;01.03.2027;1
5902741006110;A_MAG_5902741006110_03092027_(U_5);U;5;17.11.2025;03.09.2027;1
5902741007032;A_MAG_5902741007032_05072027_(F_5);F;5;17.11.2025;05.07.2027;1
5902741007117;A_MAG_5902741007117_01102027_(U_3);U;3;01.12.2025;01.10.2027;3
5902741007124;A_MAG_5902741007124_04102027_(C_5);C;5;17.11.2025;04.10.2027;1
5902741007179;A_MAG_5902741007179_02062027_(B_5);B;5;29.09.2025;02.06.2027;2
5902741007179;A_MAG_5902741007179_03032027_(U_5);U;5;08.09.2025;03.03.2027;1
5902741007261;A_MAG_5902741007261_02082027_(I_5);I;5;22.09.2025;02.08.2027;1
5902741007780;A_MAG_5902741007780_01082027_(R_2);R;2;08.12.2025;01.08.2027;1
5902741008459;A_MAG_5902741008459_01102027_(C_5);C;5;24.11.2025;01.10.2027;3
5902768064520;A_MAG_5902768064520_01092026_(F_4);F;4;24.11.2025;01.09.2026;1
5902768064537;A_MAG_5902768064537_09072026_(N_2);N;2;20.10.2025;09.07.2026;1
5902768514643;A_MAG_5902768514643_17122025_(K_3);K;3;09.06.2025;17.12.2025;6
5902768514773;A_MAG_5902768514773_23012027_(R_3);R;3;10.11.2025;23.01.2027;2
5902768527254;A_MAG_5902768527254_01012026_(N_2);N;2;30.04.2025;01.01.2026;2
5902768527421;A_MAG_5902768527421_01042027_(A_5);A;5;11.08.2025;01.04.2027;3
5902768527483;A_MAG_5902768527483_01122026_(M_2);M;2;02.06.2025;01.12.2026;1
5902768527513;A_MAG_5902768527513_01042027_(Y_1);Y;1;02.06.2025;01.04.2027;3
5902768527582;A_MAG_5902768527582_01102027_(Y_5);Y;5;10.11.2025;01.10.2027;2
5902768527940;A_MAG_5902768527940_01092027_(Y_5);Y;5;08.12.2025;01.09.2027;2
5902768762013;A_MAG_5902768762013_01032026_(A_1);A;1;26.05.2025;01.03.2026;2
5902781001038;A_MAG_5902781001038_01102027_(I_1);I;1;24.11.2025;01.10.2027;1
5902811239868;A_MAG_5902811239868_01042026_(J_5);J;5;05.05.2025;01.04.2026;1
5902837811932;A_MAG_5902837811932_01092026_(N_3);N;3;04.08.2025;01.09.2026;2
5902837811932;A_MAG_5902837811932_01092026_(B_6);B;6;04.08.2025;01.09.2026;2
5902837812489;A_MAG_5902837812489_31122026_(T_2);T;2;20.10.2025;31.12.2026;1
5902837813066;A_MAG_5902837813066_12092027_(X_4);X;4;01.12.2025;12.09.2027;2
5902837813066;A_MAG_5902837813066_12092027_(P_2);P;2;08.12.2025;12.09.2027;2
5902983781424;A_MAG_5902983781424_30112029_(B_5);B;5;06.10.2025;30.11.2029;3
5902983781448;A_MAG_5902983781448_17012029_(B_5);B;5;06.10.2025;17.01.2029;1
5902983781455;A_MAG_5902983781455_26032026_(U_4);U;4;27.08.2024;26.03.2026;2
5902983782568;A_MAG_5902983782568_31072026_(A_4);A;4;08.12.2025;31.07.2026;5
5902983782605;A_MAG_5902983782605_01042026_(W_3);W;3;03.11.2025;01.04.2026;1
5902983782650;A_MAG_5902983782650_31052026_(F_6);F;6;17.11.2025;31.05.2026;1
5902983782667;A_MAG_5902983782667_28022027_(W_3);W;3;01.12.2025;28.02.2027;1
5902983782704;A_MAG_5902983782704_31012027_(J_2);J;2;13.10.2025;31.01.2027;3
5902983782803;A_MAG_5902983782803_19022027_(Y_3);Y;3;01.12.2025;19.02.2027;1
5902983782988;A_MAG_5902983782988_27112026_(A_1);A;1;27.11.2025;27.11.2026;1
5902983785767;A_MAG_5902983785767_07042027_(S_5);S;5;27.10.2025;07.04.2027;1
5902983788942;A_MAG_5902983788942_31012027_(B_4);B;4;24.11.2025;31.01.2027;1
5903111093006;A_MAG_5903111093006_01122027_(T_5);T;5;22.09.2025;01.12.2027;5
5903111903091;A_MAG_5903111903091_01022027_(N_4);N;4;01.12.2025;01.02.2027;1
5903111903787;A_MAG_5903111903787_01102027_(W_1);W;1;08.12.2025;01.10.2027;1
5903240053025;A_MAG_5903240053025_01012029_(I_3);I;3;20.10.2025;01.01.2029;4
5903242584312;A_MAG_5903242584312_03042027_(S_3);S;3;01.12.2025;03.04.2027;1
5903246574043;A_MAG_5903246574043_14042026_(T_4);T;4;22.09.2025;14.04.2026;1
5903246860252;A_MAG_5903246860252_01102027_(I_2);I;2;08.12.2025;01.10.2027;2
5903246860405;A_MAG_5903246860405_02092027_(U_4);U;4;08.12.2025;02.09.2027;1
5903246860436;A_MAG_5903246860436_02112027_(H_2);H;2;08.12.2025;02.11.2027;1
5903246860481;A_MAG_5903246860481_01062027_(W_1);W;1;08.12.2025;01.06.2027;1
5903246860986;A_MAG_5903246860986_01042027_(X_1);X;1;28.08.2025;01.04.2027;1
5903246861099;A_MAG_5903246861099_01042026_(N_5);N;5;17.03.2025;01.04.2026;1
5903246861105;A_MAG_5903246861105_01112027_(I_2);I;2;08.12.2025;01.11.2027;2
5903246861112;A_MAG_5903246861112_01032027_(R_5);R;5;26.05.2025;01.03.2027;2
5903246861211;A_MAG_5903246861211_01012029_(U_3);U;3;17.11.2025;01.01.2029;4
5903246861594;A_MAG_5903246861594_01092027_(J_2);J;2;27.10.2025;01.09.2027;7
5903246861679;A_MAG_5903246861679_01092027_(M_3);M;3;17.11.2025;01.09.2027;1
5903246866230;A_MAG_5903246866230_30092026_(F_6);F;6;24.11.2025;30.09.2026;1
5903246866230;A_MAG_5903246866230_11022026_(Y_5);Y;5;24.11.2025;11.02.2026;1
5903246867558;A_MAG_5903246867558_04092027_(H_5);H;5;03.11.2025;04.09.2027;1
5903246867558;A_MAG_5903246867558_02092027_(P_5);P;5;03.11.2025;02.09.2027;1
5903246869699;A_MAG_5903246869699_02102027_(H_4);H;4;08.12.2025;02.10.2027;1
5903246869750;A_MAG_5903246869750_03082027_(N_2);N;2;20.10.2025;03.08.2027;1
5903271810413;A_MAG_5903271810413_01062027_(F_5);F;5;17.11.2025;01.06.2027;1
5903357305246;A_MAG_5903357305246_01012029_(Y_4);Y;4;24.11.2025;01.01.2029;1
5903453002902;A_MAG_5903453002902_01052026_(A_7);A;7;27.10.2025;01.05.2026;2
5903453004159;A_MAG_5903453004159_01062026_(P_6);P;6;01.12.2025;01.06.2026;1
5903453007822;A_MAG_5903453007822_01082026_(T_3);T;3;24.11.2025;01.08.2026;7
5903548001988;A_MAG_5903548001988_15092026_(B_5);B;5;13.10.2025;15.09.2026;1
5903548001988;A_MAG_5903548001988_26052026_(C_7);C;7;13.10.2025;26.05.2026;4
5903548002039;A_MAG_5903548002039_21102026_(P_3);P;3;10.11.2025;21.10.2026;4
5903794180208;A_MAG_5903794180208_01012029_(J_2);J;2;22.09.2025;01.01.2029;1
5903794180222;A_MAG_5903794180222_01012029_(J_2);J;2;22.09.2025;01.01.2029;1
5903794180246;A_MAG_5903794180246_01012027_(U_2);U;2;09.06.2025;01.01.2027;1
5903794180475;A_MAG_5903794180475_01012029_(P_4);P;4;22.09.2025;01.01.2029;1
5903794183728;A_MAG_5903794183728_01012026_(A_1);A;1;21.10.2024;01.01.2026;1
5903794183919;A_MAG_5903794183919_01062028_(T_3);T;3;24.11.2025;01.06.2028;2
5903794183964;A_MAG_5903794183964_01012027_(A_6);A;6;09.12.2024;01.01.2027;1
5903794183971;A_MAG_5903794183971_01012029_(J_2);J;2;22.09.2025;01.01.2029;1
5903794183995;A_MAG_5903794183995_01012028_(J_5);J;5;13.10.2025;01.01.2028;2
5903794184008;A_MAG_5903794184008_01012029_(U_1);U;1;01.12.2025;01.01.2029;1
5903794189294;A_MAG_5903794189294_01012028_(R_3);R;3;19.05.2025;01.01.2028;1
5903794189300;A_MAG_5903794189300_01012026_(A_3);A;3;16.12.2024;01.01.2026;1
5903853400018;A_MAG_5903853400018_06102026_(W_3);W;3;08.12.2025;06.10.2026;1
5903853400018;A_MAG_5903853400018_06102026_(U_2);U;2;08.12.2025;06.10.2026;1
5903864780017;A_MAG_5903864780017_30122026_(N_2);N;2;10.11.2025;30.12.2026;4
5903864780031;A_MAG_5903864780031_07072026_(A_4);A;4;22.09.2025;07.07.2026;1
5903900362016;A_MAG_5903900362016_26032029_(S_4);S;4;13.10.2025;26.03.2029;6
5903900365079;A_MAG_5903900365079_31072026_(P_1);P;1;13.10.2025;31.07.2026;1
5903900365772;A_MAG_5903900365772_10122026_(U_4);U;4;10.11.2025;10.12.2026;1
5903900365895;A_MAG_5903900365895_09102026_(L_1);L;1;01.12.2025;09.10.2026;4
5903900366144;A_MAG_5903900366144_01072026_(U_3);U;3;29.09.2025;01.07.2026;1
5903900367547;A_MAG_5903900367547_01012030_(E_2);E;2;20.03.2025;01.01.2030;4
5903900367943;A_MAG_5903900367943_22092026_(I_4);I;4;08.12.2025;22.09.2026;2
5903900368063;A_MAG_5903900368063_01052028_(W_1);W;1;08.12.2025;01.05.2028;1
5903900941327;A_MAG_5903900941327_01072026_(B_5);B;5;17.03.2025;01.07.2026;1
5903933644929;A_MAG_5903933644929_30092026_(M_4);M;4;08.12.2025;30.09.2026;1
5903933645209;A_MAG_5903933645209_01072026_(O_2);O;2;01.12.2025;01.07.2026;3
5903933645520;A_MAG_5903933645520_05042027_(R_5);R;5;24.11.2025;05.04.2027;2
5903968202422;A_MAG_5903968202422_01032027_(G_3);G;3;26.05.2025;01.03.2027;1
5904183437958;A_MAG_5904183437958_01112027_(N_1);N;1;06.10.2025;01.11.2027;3
5904183437996;A_MAG_5904183437996_01082027_(B_5);B;5;08.12.2025;01.08.2027;1
5904209843060;A_MAG_5904209843060_01092027_(A_1);A;1;30.06.2025;01.09.2027;1
5904257043146;A_MAG_5904257043146_11082026_(N_5);N;5;10.11.2025;11.08.2026;1
5904257043498;A_MAG_5904257043498_09042027_(G_1);G;1;10.11.2025;09.04.2027;1
5904538034344;A_MAG_5904538034344_03092026_(C_4);C;4;10.11.2025;03.09.2026;1
5904703901051;A_MAG_5904703901051_29082026_(I_3);I;3;14.08.2025;29.08.2026;3
5904703901099;A_MAG_5904703901099_01022026_(T_2);T;2;03.02.2025;01.02.2026;3
5904703901112;A_MAG_5904703901112_01092026_(F_3);F;3;20.01.2025;01.09.2026;1
5904730012317;A_MAG_5904730012317_01012026_(H_7);H;7;24.09.2025;01.01.2026;7
5904730012669;A_MAG_5904730012669_20042026_(S_2);S;2;08.12.2025;20.04.2026;2
5904730218207;A_MAG_5904730218207_20092026_(Y_3);Y;3;22.09.2025;20.09.2026;3
5904730218597;A_MAG_5904730218597_29102026_(L_1);L;1;01.12.2025;29.10.2026;2
5904730393027;A_MAG_5904730393027_08102026_(P_9);P;9;10.11.2025;08.10.2026;5
5904806120618;A_MAG_5904806120618_24042027_(P_2);P;2;01.12.2025;24.04.2027;1
5904826089834;A_MAG_5904826089834_01052027_(G_3);G;3;08.12.2025;01.05.2027;3
5905043004334;A_MAG_5905043004334_01052029_(C_2);C;2;28.08.2025;01.05.2029;1
5905265582214;A_MAG_5905265582214_01082028_(I_4);I;4;24.11.2025;01.08.2028;2
5905265582986;A_MAG_5905265582986_01032026_(K_5);K;5;15.09.2025;01.03.2026;1
5905279123458;A_MAG_5905279123458_20122027_(R_2);R;2;24.11.2025;20.12.2027;1
5905279294370;A_MAG_5905279294370_27032027_(H_6);H;6;24.11.2025;27.03.2027;5
5905279630215;A_MAG_5905279630215_12082026_(P_3);P;3;08.12.2025;12.08.2026;4
5905279630277;A_MAG_5905279630277_15062026_(K_4);K;4;06.10.2025;15.06.2026;3
5905279630284;A_MAG_5905279630284_05062026_(K_3);K;3;06.10.2025;05.06.2026;3
5905279630611;A_MAG_5905279630611_21072026_(J_3);J;3;24.11.2025;21.07.2026;2
5905317625005;A_MAG_5905317625005_01102027_(N_2);N;2;30.04.2025;01.10.2027;2
5905394171136;A_MAG_5905394171136_29122025_(M_5);M;5;08.12.2025;29.12.2025;1
5905490420817;A_MAG_5905490420817_19082026_(B_2);B;2;24.11.2025;19.08.2026;2
5905490420824;A_MAG_5905490420824_28082026_(B_2);B;2;24.11.2025;28.08.2026;2
5905533000013;A_MAG_5905533000013_01012029_(R_5);R;5;22.09.2025;01.01.2029;1
5905562028972;A_MAG_5905562028972_01022027_(K_5);K;5;15.09.2025;01.02.2027;1
5905669174831;A_MAG_5905669174831_17102026_(U_2);U;2;27.10.2025;17.10.2026;1
5905689311117;A_MAG_5905689311117_06082026_(W_2);W;2;03.11.2025;06.08.2026;1
5905689312695;A_MAG_5905689312695_06052026_(U_4);U;4;06.10.2025;06.05.2026;3
5905829111034;A_MAG_5905829111034_01042027_(H_4);H;4;08.12.2025;01.04.2027;1
5905933486875;A_MAG_5905933486875_07012027_(W_3);W;3;17.11.2025;07.01.2027;1
5905933487766;A_MAG_5905933487766_01112026_(G_2);G;2;24.03.2025;01.11.2026;1
5905940370426;A_MAG_5905940370426_01032026_(U_2);U;2;16.06.2025;01.03.2026;1
5905940371294;A_MAG_5905940371294_01092027_(H_2);H;2;08.12.2025;01.09.2027;1
5905940371843;A_MAG_5905940371843_28012028_(O_3);O;3;24.11.2025;28.01.2028;1
5905951196022;A_MAG_5905951196022_01102026_(G_2);G;2;17.11.2025;01.10.2026;4
5905951196145;A_MAG_5905951196145_01062026_(Y_2);Y;2;27.10.2025;01.06.2026;2
5906031893091;A_MAG_5906031893091_27102031_(B_4);B;4;08.12.2025;27.10.2031;2
5906153206809;A_MAG_5906153206809_01012026_(X_4);X;4;03.03.2025;01.01.2026;3
5906153206809;A_MAG_5906153206809_01012026_(W_4);W;4;23.06.2025;01.01.2026;1
5906205501852;A_MAG_5906205501852_01062026_(Y_5);Y;5;10.03.2025;01.06.2026;1
5906293639048;A_MAG_5906293639048_01022027_(W_4);W;4;09.09.2024;01.02.2027;1
5906293639420;A_MAG_5906293639420_01012029_(W_3);W;3;22.09.2025;01.01.2029;1
5906293639574;A_MAG_5906293639574_01022027_(U_1);U;1;08.12.2025;01.02.2027;1
5906293639611;A_MAG_5906293639611_01022027_(T_2);T;2;02.06.2025;01.02.2027;1
5906293639673;A_MAG_5906293639673_01022027_(M_3);M;3;17.11.2025;01.02.2027;1
5906395147168;A_MAG_5906395147168_01062027_(H_5);H;5;17.03.2025;01.06.2027;1
5906489288050;A_MAG_5906489288050_15032027_(K_1);K;1;03.11.2025;15.03.2027;1
5906489288074;A_MAG_5906489288074_15092027_(X_4);X;4;20.10.2025;15.09.2027;1
5906489288678;A_MAG_5906489288678_01092026_(X_3);X;3;27.01.2025;01.09.2026;1
5906732620187;A_MAG_5906732620187_01032027_(A_1);A;1;17.11.2025;01.03.2027;1
5906732620194;A_MAG_5906732620194_01032027_(A_1);A;1;10.11.2025;01.03.2027;1
5906732620248;A_MAG_5906732620248_01012027_(C_2);C;2;24.11.2025;01.01.2027;1
5906732620583;A_MAG_5906732620583_01052027_(A_4);A;4;08.12.2025;01.05.2027;1
5906732622020;A_MAG_5906732622020_01082027_(Y_2);Y;2;03.11.2025;01.08.2027;1
5906732622815;A_MAG_5906732622815_01112026_(K_4);K;4;09.06.2025;01.11.2026;1
5906732622846;A_MAG_5906732622846_01082026_(U_1);U;1;08.09.2025;01.08.2026;2
5906732622853;A_MAG_5906732622853_01102026_(C_6);C;6;10.02.2025;01.10.2026;1
5906732623010;A_MAG_5906732623010_01062027_(U_1);U;1;01.12.2025;01.06.2027;1
5906732624109;A_MAG_5906732624109_01062026_(C_3);C;3;07.10.2024;01.06.2026;1
5906732624246;A_MAG_5906732624246_01102026_(W_1);W;1;15.09.2025;01.10.2026;1
5906732624260;A_MAG_5906732624260_01092026_(W_1);W;1;15.09.2025;01.09.2026;1
5906732624291;A_MAG_5906732624291_01092027_(B_7);B;7;24.11.2025;01.09.2027;1
5906732624413;A_MAG_5906732624413_01092026_(I_3);I;3;11.08.2025;01.09.2026;1
5906732624420;A_MAG_5906732624420_01082026_(C_2);C;2;24.11.2025;01.08.2026;2
5906732624550;A_MAG_5906732624550_01012027_(A_3);A;3;22.04.2025;01.01.2027;1
5906732624611;A_MAG_5906732624611_01022027_(S_1);S;1;03.11.2025;01.02.2027;1
5906732626028;A_MAG_5906732626028_01062027_(O_4);O;4;08.12.2025;01.06.2027;1
5906732626059;A_MAG_5906732626059_01112026_(W_2);W;2;09.06.2025;01.11.2026;1
5906732626066;A_MAG_5906732626066_01042027_(T_5);T;5;20.10.2025;01.04.2027;1
5906750250571;A_MAG_5906750250571_01092026_(O_1);O;1;03.11.2025;01.09.2026;2
5906750250908;A_MAG_5906750250908_01102027_(A_3);A;3;31.03.2025;01.10.2027;1
5906750251042;A_MAG_5906750251042_06012028_(P_6);P;6;17.11.2025;06.01.2028;1
5906750251158;A_MAG_5906750251158_01042028_(C_6);C;6;28.08.2025;01.04.2028;5
5906750251363;A_MAG_5906750251363_01082026_(B_7);B;7;10.11.2025;01.08.2026;1
5906750251363;A_MAG_5906750251363_01042027_(R_5);R;5;17.11.2025;01.04.2027;5
5906750251516;A_MAG_5906750251516_18092026_(W_1);W;1;08.12.2025;18.09.2026;1
5906750251516;A_MAG_5906750251516_19092026_(Y_2);Y;2;08.12.2025;19.09.2026;2
5906750251554;A_MAG_5906750251554_01032027_(U_5);U;5;07.10.2024;01.03.2027;1
5906750251615;A_MAG_5906750251615_01012027_(L_3);L;3;12.11.2024;01.01.2027;2
5906750251639;A_MAG_5906750251639_01062027_(O_4);O;4;27.01.2025;01.06.2027;1
5906750251646;A_MAG_5906750251646_09092027_(P_5);P;5;20.10.2025;09.09.2027;4
5906750251677;A_MAG_5906750251677_01052027_(R_4);R;4;10.02.2025;01.05.2027;2
5906750252018;A_MAG_5906750252018_07102026_(U_3);U;3;17.11.2025;07.10.2026;4
5906750252278;A_MAG_5906750252278_06082026_(U_3);U;3;20.10.2025;06.08.2026;2
5906750252315;A_MAG_5906750252315_01102027_(B_2);B;2;24.11.2025;01.10.2027;2
5906750252360;A_MAG_5906750252360_08072026_(H_6);H;6;01.12.2025;08.07.2026;2
5906750252421;A_MAG_5906750252421_14062026_(J_6);J;6;01.12.2025;14.06.2026;6
5906750252537;A_MAG_5906750252537_10042026_(E_5);E;5;13.10.2025;10.04.2026;1
5906750252551;A_MAG_5906750252551_10042026_(E_7);E;7;13.10.2025;10.04.2026;5
5906750252629;A_MAG_5906750252629_01012027_(N_3);N;3;02.06.2025;01.01.2027;1
5906750252643;A_MAG_5906750252643_09042026_(U_6);U;6;06.10.2025;09.04.2026;2
5906750252643;A_MAG_5906750252643_09042026_(M_6);M;6;17.11.2025;09.04.2026;3
5906750252674;A_MAG_5906750252674_06082026_(N_5);N;5;13.10.2025;06.08.2026;1
5906750252704;A_MAG_5906750252704_30062026_(U_3);U;3;20.10.2025;30.06.2026;1
5906849682122;A_MAG_5906849682122_01012028_(L_5);L;5;27.10.2025;01.01.2028;3
5906849682160;A_MAG_5906849682160_01012028_(A_4);A;4;13.10.2025;01.01.2028;3
5906849682283;A_MAG_5906849682283_01022027_(S_4);S;4;08.09.2025;01.02.2027;1
5906849682313;A_MAG_5906849682313_01022027_(S_5);S;5;01.12.2025;01.02.2027;2
5906849682337;A_MAG_5906849682337_01022027_(B_4);B;4;13.10.2025;01.02.2027;1
5906874332689;A_MAG_5906874332689_08052029_(Y_5);Y;5;24.11.2025;08.05.2029;1
5906874505014;A_MAG_5906874505014_08092027_(Y_6);Y;6;08.12.2025;08.09.2027;1
5906874505083;A_MAG_5906874505083_21072027_(G_2);G;2;08.12.2025;21.07.2027;2
5906881861424;A_MAG_5906881861424_10122026_(O_1);O;1;17.11.2025;10.12.2026;2
5906881861493;A_MAG_5906881861493_01042026_(K_2);K;2;22.03.2025;01.04.2026;1
5906881861493;A_MAG_5906881861493_01032026_(N_2);N;2;10.02.2025;01.03.2026;1
5906940001945;A_MAG_5906940001945_27082028_(O_3);O;3;01.12.2025;27.08.2028;3
5906940001969;A_MAG_5906940001969_21032028_(I_4);I;4;15.09.2025;21.03.2028;1
5906961181435;A_MAG_5906961181435_12032027_(I_2);I;2;13.10.2025;12.03.2027;1
5907029002174;A_MAG_5907029002174_17062026_(C_1);C;1;17.11.2025;17.06.2026;1
5907153600154;A_MAG_5907153600154_01012029_(S_5);S;5;29.09.2025;01.01.2029;1
5907182174022;A_MAG_5907182174022_29122026_(B_1);B;1;06.10.2025;29.12.2026;3
5907222061619;A_MAG_5907222061619_01072026_(J_2);J;2;22.03.2025;01.07.2026;1
5907222657010;A_MAG_5907222657010_14012027_(C_3);C;3;17.11.2025;14.01.2027;1
5907222657010;A_MAG_5907222657010_01052027_(L_4);L;4;17.11.2025;01.05.2027;2
5907530440526;A_MAG_5907530440526_01082027_(S_2);S;2;26.05.2025;01.08.2027;1
5907609421159;A_MAG_5907609421159_22032026_(A_3);A;3;08.12.2025;22.03.2026;1
5907609421272;A_MAG_5907609421272_01102026_(K_1);K;1;27.10.2025;01.10.2026;3
5907610297217;A_MAG_5907610297217_01022029_(B_2);B;2;24.11.2025;01.02.2029;2
5907617339002;A_MAG_5907617339002_01102031_(B_5);B;5;07.04.2025;01.10.2031;2
5907651240425;A_MAG_5907651240425_01062026_(F_3);F;3;11.08.2025;01.06.2026;6
5907653106170;A_MAG_5907653106170_01062026_(S_2);S;2;24.11.2025;01.06.2026;1
5907653106606;A_MAG_5907653106606_17042026_(B_6);B;6;03.11.2025;17.04.2026;1
5907670799935;A_MAG_5907670799935_06082026_(S_5);S;5;10.11.2025;06.08.2026;1
5907695620610;A_MAG_5907695620610_01052026_(S_5);S;5;31.03.2025;01.05.2026;1
5907709950672;A_MAG_5907709950672_01022028_(H_1);H;1;28.08.2025;01.02.2028;1
5907709951860;A_MAG_5907709951860_01092026_(B_5);B;5;31.03.2025;01.09.2026;1
5907709951990;A_MAG_5907709951990_31032027_(M_3);M;3;08.12.2025;31.03.2027;1
5907709952799;A_MAG_5907709952799_01112026_(U_4);U;4;26.05.2025;01.11.2026;2
5907709954915;A_MAG_5907709954915_01112026_(Y_4);Y;4;28.07.2025;01.11.2026;1
5907709957527;A_MAG_5907709957527_23052026_(P_4);P;4;23.09.2024;23.05.2026;1
5907713372149;A_MAG_5907713372149_21072027_(X_4);X;4;01.12.2025;21.07.2027;1
5907713374914;A_MAG_5907713374914_19092027_(S_4);S;4;01.12.2025;19.09.2027;1
5907713374921;A_MAG_5907713374921_24022027_(P_6);P;6;01.12.2025;24.02.2027;1
5907722370068;A_MAG_5907722370068_29122025_(A_1);A;1;10.11.2025;29.12.2025;1
5907722375377;A_MAG_5907722375377_30052026_(U_1);U;1;17.11.2025;30.05.2026;1
5907736737031;A_MAG_5907736737031_02082026_(K_4);K;4;06.10.2025;02.08.2026;1
5907738151309;A_MAG_5907738151309_14022026_(F_5);F;5;08.12.2025;14.02.2026;1
5907738151866;A_MAG_5907738151866_06032027_(J_4);J;4;01.12.2025;06.03.2027;5
5907738152641;A_MAG_5907738152641_03122026_(I_5);I;5;08.12.2025;03.12.2026;1
5907738152733;A_MAG_5907738152733_01102026_(N_3);N;3;10.11.2025;01.10.2026;1
5907738155802;A_MAG_5907738155802_01092027_(M_3);M;3;08.12.2025;01.09.2027;2
5907738155819;A_MAG_5907738155819_30062027_(K_1);K;1;22.09.2025;30.06.2027;1
5907738155949;A_MAG_5907738155949_17092026_(H_5);H;5;08.12.2025;17.09.2026;2
5907738158155;A_MAG_5907738158155_01012027_(U_3);U;3;01.12.2025;01.01.2027;7
5907738158162;A_MAG_5907738158162_01122026_(L_1);L;1;27.10.2025;01.12.2026;15
5907738158179;A_MAG_5907738158179_01092026_(S_3);S;3;22.09.2025;01.09.2026;1
5907738158186;A_MAG_5907738158186_01022027_(A_1);A;1;15.09.2025;01.02.2027;6
5907738158186;A_MAG_5907738158186_01022027_(L_3);L;3;15.09.2025;01.02.2027;10
5907738158193;A_MAG_5907738158193_01092026_(K_4);K;4;22.09.2025;01.09.2026;10
5907738159374;A_MAG_5907738159374_09042026_(U_2);U;2;10.11.2025;09.04.2026;2
5907738159404;A_MAG_5907738159404_13082026_(W_5);W;5;06.10.2025;13.08.2026;3
5907738159473;A_MAG_5907738159473_31122026_(X_5);X;5;08.12.2025;31.12.2026;1
5907738159473;A_MAG_5907738159473_31122026_(O_2);O;2;08.12.2025;31.12.2026;1
5907738159541;A_MAG_5907738159541_28082026_(M_5);M;5;08.12.2025;28.08.2026;1
5907751403928;A_MAG_5907751403928_01092027_(K_5);K;5;10.11.2025;01.09.2027;1
5907751403928;A_MAG_5907751403928_01092027_(F_5);F;5;17.11.2025;01.09.2027;1
5907752661273;A_MAG_5907752661273_11092027_(A_5);A;5;22.09.2025;11.09.2027;1
5907752661280;A_MAG_5907752661280_29012028_(R_4);R;4;08.12.2025;29.01.2028;2
5907752661297;A_MAG_5907752661297_01022027_(G_1);G;1;22.04.2025;01.02.2027;1
5907752683510;A_MAG_5907752683510_04042027_(O_3);O;3;27.10.2025;04.04.2027;1
5907763674019;A_MAG_5907763674019_01092026_(H_1);H;1;08.05.2025;01.09.2026;19
5907763674019;A_MAG_5907763674019_01092026_(M_3);M;3;03.11.2025;01.09.2026;1
5907763674033;A_MAG_5907763674033_01092026_(M_4);M;4;16.06.2025;01.09.2026;26
5907763674064;A_MAG_5907763674064_01082027_(R_2);R;2;24.11.2025;01.08.2027;1
5907763674088;A_MAG_5907763674088_01072026_(R_3);R;3;12.05.2025;01.07.2026;16
5907784827401;A_MAG_5907784827401_08012026_(R_5);R;5;22.09.2025;08.01.2026;1
5907784827401;A_MAG_5907784827401_08012026_(M_5);M;5;22.09.2025;08.01.2026;1
5907809337199;A_MAG_5907809337199_13102026_(U_1);U;1;01.12.2025;13.10.2026;2
5907814660084;A_MAG_5907814660084_01072026_(H_5);H;5;11.08.2025;01.07.2026;1
5907814660091;A_MAG_5907814660091_22012027_(M_5);M;5;08.12.2025;22.01.2027;1
5907814660190;A_MAG_5907814660190_26062026_(I_2);I;2;08.12.2025;26.06.2026;2
5907814660206;A_MAG_5907814660206_28022027_(U_4);U;4;22.09.2025;28.02.2027;2
5907814660206;A_MAG_5907814660206_28022027_(X_1);X;1;29.09.2025;28.02.2027;1
5907814660510;A_MAG_5907814660510_13092026_(S_5);S;5;13.10.2025;13.09.2026;1
5907814661036;A_MAG_5907814661036_24112026_(P_5);P;5;15.09.2025;24.11.2026;5
5907814661098;A_MAG_5907814661098_02082027_(T_3);T;3;08.12.2025;02.08.2027;2
5907814661135;A_MAG_5907814661135_18072026_(N_1);N;1;17.11.2025;18.07.2026;5
5907814661173;A_MAG_5907814661173_31122026_(J_4);J;4;10.11.2025;31.12.2026;2
5907814661227;A_MAG_5907814661227_30092026_(W_3);W;3;01.12.2025;30.09.2026;2
5907814661333;A_MAG_5907814661333_09072026_(T_6);T;6;17.11.2025;09.07.2026;5
5907814661500;A_MAG_5907814661500_10122026_(H_4);H;4;08.12.2025;10.12.2026;2
5907814661524;A_MAG_5907814661524_31072026_(K_1);K;1;24.11.2025;31.07.2026;2
5907814661609;A_MAG_5907814661609_20012027_(G_4);G;4;17.11.2025;20.01.2027;2
5907814661807;A_MAG_5907814661807_27082026_(A_7);A;7;10.11.2025;27.08.2026;1
5907814661807;A_MAG_5907814661807_27082026_(K_4);K;4;10.11.2025;27.08.2026;1
5907814661906;A_MAG_5907814661906_31122026_(C_3);C;3;03.11.2025;31.12.2026;3
5907814662026;A_MAG_5907814662026_30092026_(Y_4);Y;4;08.12.2025;30.09.2026;3
5907814662408;A_MAG_5907814662408_13082026_(A_3);A;3;22.09.2025;13.08.2026;1
5907814662439;A_MAG_5907814662439_10022027_(T_5);T;5;01.12.2025;10.02.2027;1
5907814662538;A_MAG_5907814662538_05062026_(T_5);T;5;08.12.2025;05.06.2026;1
5907814662606;A_MAG_5907814662606_31032028_(I_3);I;3;03.11.2025;31.03.2028;2
5907814662736;A_MAG_5907814662736_12092026_(T_1);T;1;24.11.2025;12.09.2026;1
5907814662774;A_MAG_5907814662774_28022026_(S_5);S;5;20.10.2025;28.02.2026;1
5907814662781;A_MAG_5907814662781_29052026_(P_5);P;5;15.09.2025;29.05.2026;4
5907814662798;A_MAG_5907814662798_04022027_(T_1);T;1;08.12.2025;04.02.2027;1
5907814663009;A_MAG_5907814663009_29122026_(I_3);I;3;20.10.2025;29.12.2026;2
5907814663221;A_MAG_5907814663221_28082026_(B_3);B;3;24.11.2025;28.08.2026;1
5907814663504;A_MAG_5907814663504_31122026_(U_5);U;5;06.10.2025;31.12.2026;2
5907814663733;A_MAG_5907814663733_21062026_(X_2);X;2;01.12.2025;21.06.2026;4
5907814663733;A_MAG_5907814663733_21062026_(I_1);I;1;08.12.2025;21.06.2026;8
5907814663801;A_MAG_5907814663801_14072026_(K_3);K;3;27.10.2025;14.07.2026;1
5907814663801;A_MAG_5907814663801_08082026_(N_2);N;2;27.10.2025;08.08.2026;2
5907814664006;A_MAG_5907814664006_30062026_(T_3);T;3;08.12.2025;30.06.2026;2
5907814664563;A_MAG_5907814664563_31102026_(Y_5);Y;5;01.12.2025;31.10.2026;2
5907814664723;A_MAG_5907814664723_31032028_(I_3);I;3;08.12.2025;31.03.2028;5
5907814664860;A_MAG_5907814664860_15102026_(W_5);W;5;01.12.2025;15.10.2026;2
5907814664877;A_MAG_5907814664877_01012029_(M_4);M;4;03.11.2025;01.01.2029;4
5907814664969;A_MAG_5907814664969_06032027_(W_3);W;3;01.12.2025;06.03.2027;1
5907814665003;A_MAG_5907814665003_02072026_(T_5);T;5;08.12.2025;02.07.2026;1
5907814665393;A_MAG_5907814665393_19092026_(S_5);S;5;01.12.2025;19.09.2026;1
5907814665409;A_MAG_5907814665409_28082027_(H_3);H;3;01.12.2025;28.08.2027;1
5907814665492;A_MAG_5907814665492_07082026_(Y_2);Y;2;08.12.2025;07.08.2026;3
5907814665591;A_MAG_5907814665591_31072027_(I_4);I;4;08.12.2025;31.07.2027;2
5907814665829;A_MAG_5907814665829_04062026_(H_3);H;3;29.09.2025;04.06.2026;2
5907814665898;A_MAG_5907814665898_04092026_(R_1);R;1;08.12.2025;04.09.2026;3
5907814665928;A_MAG_5907814665928_10072026_(L_3);L;3;17.11.2025;10.07.2026;3
5907814666062;A_MAG_5907814666062_01032026_(M_5);M;5;28.07.2025;01.03.2026;1
5907814666314;A_MAG_5907814666314_04082026_(W_5);W;5;01.12.2025;04.08.2026;2
5907814666390;A_MAG_5907814666390_30092026_(Y_2);Y;2;17.11.2025;30.09.2026;1
5907814666574;A_MAG_5907814666574_05082026_(C_4);C;4;27.10.2025;05.08.2026;1
5907814666895;A_MAG_5907814666895_31052027_(U_1);U;1;20.10.2025;31.05.2027;1
5907814667595;A_MAG_5907814667595_01012029_(T_2);T;2;08.12.2025;01.01.2029;2
5907814667984;A_MAG_5907814667984_31102026_(G_4);G;4;14.08.2025;31.10.2026;1
5907814668424;A_MAG_5907814668424_12022028_(S_2);S;2;06.10.2025;12.02.2028;1
5907814668523;A_MAG_5907814668523_12122026_(R_4);R;4;24.11.2025;12.12.2026;1
5907814668721;A_MAG_5907814668721_19092026_(T_4);T;4;24.11.2025;19.09.2026;1
5907814668882;A_MAG_5907814668882_03072027_(O_1);O;1;17.11.2025;03.07.2027;1
5907814668882;A_MAG_5907814668882_03072027_(N_3);N;3;17.11.2025;03.07.2027;2
5907814669186;A_MAG_5907814669186_31122027_(F_2);F;2;20.10.2025;31.12.2027;1
5907814669186;A_MAG_5907814669186_31122027_(K_2);K;2;20.10.2025;31.12.2027;1
5907814669407;A_MAG_5907814669407_01082026_(G_2);G;2;12.05.2025;01.08.2026;1
5907814669506;A_MAG_5907814669506_05052027_(P_4);P;4;08.12.2025;05.05.2027;1
5907814669834;A_MAG_5907814669834_17052026_(H_6);H;6;01.12.2025;17.05.2026;1
5907814669834;A_MAG_5907814669834_17052026_(W_1);W;1;08.12.2025;17.05.2026;1
5907814669933;A_MAG_5907814669933_30092026_(H_3);H;3;01.12.2025;30.09.2026;2
5907814669988;A_MAG_5907814669988_09072026_(K_5);K;5;29.09.2025;09.07.2026;4
5908228980683;A_MAG_5908228980683_24042026_(L_3);L;3;24.11.2025;24.04.2026;7
5908228980713;A_MAG_5908228980713_01012026_(S_5);S;5;28.08.2025;01.01.2026;1
5908228980966;A_MAG_5908228980966_02032026_(G_1);G;1;15.09.2025;02.03.2026;1
5908234462029;A_MAG_5908234462029_01052027_(J_3);J;3;07.07.2025;01.05.2027;1
5908234462487;A_MAG_5908234462487_28082026_(A_7);A;7;24.11.2025;28.08.2026;1
5908234462692;A_MAG_5908234462692_01102027_(P_4);P;4;19.05.2025;01.10.2027;1
5908234462753;A_MAG_5908234462753_22052026_(W_2);W;2;06.10.2025;22.05.2026;1
5908249970267;A_MAG_5908249970267_27022026_(J_4);J;4;10.11.2025;27.02.2026;1
5908249970687;A_MAG_5908249970687_01032027_(R_2);R;2;24.11.2025;01.03.2027;1
5908249971578;A_MAG_5908249971578_30042027_(B_5);B;5;08.12.2025;30.04.2027;1
5908249971950;A_MAG_5908249971950_26042026_(W_1);W;1;08.12.2025;26.04.2026;1
5908249972025;A_MAG_5908249972025_30092026_(B_3);B;3;08.12.2025;30.09.2026;1
5908249977020;A_MAG_5908249977020_21092027_(H_2);H;2;08.12.2025;21.09.2027;1
5908258871616;A_MAG_5908258871616_01012027_(I_5);I;5;03.11.2025;01.01.2027;3
5908259954820;A_MAG_5908259954820_30102027_(M_3);M;3;08.12.2025;30.10.2027;1
5908268768012;A_MAG_5908268768012_23092026_(N_2);N;2;20.10.2025;23.09.2026;2
5908268768111;A_MAG_5908268768111_15092026_(P_2);P;2;01.12.2025;15.09.2026;1
5908268768203;A_MAG_5908268768203_08092026_(R_5);R;5;27.10.2025;08.09.2026;1
5908271357005;A_MAG_5908271357005_01032026_(A_2);A;2;16.06.2025;01.03.2026;2
5908271357012;A_MAG_5908271357012_01012026_(Y_4);Y;4;28.07.2025;01.01.2026;1
5908271357067;A_MAG_5908271357067_01102026_(W_3);W;3;08.12.2025;01.10.2026;1
5908271357074;A_MAG_5908271357074_01082026_(J_5);J;5;03.11.2025;01.08.2026;1
5908445470066;A_MAG_5908445470066_31052026_(F_2);F;2;14.08.2025;31.05.2026;7
5908445470066;A_MAG_5908445470066_31052026_(M_2);M;2;06.10.2025;31.05.2026;1
5908445470097;A_MAG_5908445470097_31072026_(K_4);K;4;15.09.2025;31.07.2026;2
5908445470141;A_MAG_5908445470141_21032026_(F_3);F;3;20.10.2025;21.03.2026;2
5908445470165;A_MAG_5908445470165_13102026_(L_3);L;3;10.11.2025;13.10.2026;1
5908445470219;A_MAG_5908445470219_04072026_(U_5);U;5;06.10.2025;04.07.2026;1
5908445470837;A_MAG_5908445470837_28082027_(U_2);U;2;06.10.2025;28.08.2027;3
5908445470875;A_MAG_5908445470875_21032026_(G_1);G;1;24.11.2025;21.03.2026;5
5908445470936;A_MAG_5908445470936_24072026_(U_4);U;4;20.10.2025;24.07.2026;3
5908445470943;A_MAG_5908445470943_31012027_(K_5);K;5;29.09.2025;31.01.2027;5
5908445470967;A_MAG_5908445470967_10022027_(P_1);P;1;10.11.2025;10.02.2027;4
5908445471032;A_MAG_5908445471032_04032027_(F_3);F;3;14.08.2025;04.03.2027;5
5908445471568;A_MAG_5908445471568_01092026_(U_5);U;5;28.08.2025;01.09.2026;1
5908445471650;A_MAG_5908445471650_31122026_(I_4);I;4;08.12.2025;31.12.2026;1
5908445471728;A_MAG_5908445471728_01112026_(G_4);G;4;04.08.2025;01.11.2026;1
5908445471797;A_MAG_5908445471797_27082026_(N_2);N;2;08.12.2025;27.08.2026;1
5908445473197;A_MAG_5908445473197_14072026_(P_5);P;5;08.12.2025;14.07.2026;1
5908445473197;A_MAG_5908445473197_14082026_(U_2);U;2;08.12.2025;14.08.2026;3
5908445473203;A_MAG_5908445473203_19082026_(I_1);I;1;08.12.2025;19.08.2026;5
5908445474712;A_MAG_5908445474712_31032027_(U_5);U;5;06.10.2025;31.03.2027;2
5908445474750;A_MAG_5908445474750_07082026_(M_1);M;1;01.12.2025;07.08.2026;6
5908445474897;A_MAG_5908445474897_31102026_(P_6);P;6;13.10.2025;31.10.2026;2
5908445474989;A_MAG_5908445474989_06032027_(G_2);G;2;24.11.2025;06.03.2027;4
5908445476280;A_MAG_5908445476280_22092026_(F_3);F;3;03.11.2025;22.09.2026;4
5908445476303;A_MAG_5908445476303_29052026_(N_3);N;3;13.10.2025;29.05.2026;3
5908445476600;A_MAG_5908445476600_16052027_(T_2);T;2;08.12.2025;16.05.2027;4
5998858704780;A_MAG_5998858704780_11022026_(J_5);J;5;08.12.2025;11.02.2026;1
5998858704797;A_MAG_5998858704797_02042026_(O_5);O;5;01.12.2025;02.04.2026;2
5998858706814;A_MAG_5998858706814_28052026_(K_7);K;7;10.11.2025;28.05.2026;5
5998858706821;A_MAG_5998858706821_14082026_(K_7);K;7;08.12.2025;14.08.2026;10
5999885485307;A_MAG_5999885485307_15072028_(P_1);P;1;08.12.2025;15.07.2028;4
5999885485314;A_MAG_5999885485314_15092028_(I_1);I;1;08.12.2025;15.09.2028;3
5999885485321;A_MAG_5999885485321_22072028_(G_3);G;3;08.12.2025;22.07.2028;1
7640104956235;A_MAG_7640104956235_01052028_(M_5);M;5;29.09.2025;01.05.2028;2
7640104956273;A_MAG_7640104956273_01072028_(W_2);W;2;08.12.2025;01.07.2028;3
7640104956273;A_MAG_7640104956273_01072028_(G_2);G;2;08.12.2025;01.07.2028;2
7640104959519;A_MAG_7640104959519_03012027_(F_4);F;4;17.11.2025;03.01.2027;1
7640104959717;A_MAG_7640104959717_24082026_(O_4);O;4;08.12.2025;24.08.2026;1
7640161875715;A_MAG_7640161875715_01092026_(H_3);H;3;24.02.2025;01.09.2026;3
7640161877313;A_MAG_7640161877313_18082026_(U_4);U;4;08.12.2025;18.08.2026;3
7640161879058;A_MAG_7640161879058_24092026_(R_4);R;4;01.12.2025;24.09.2026;3
7640161879980;A_MAG_7640161879980_12062026_(I_2);I;2;08.12.2025;12.06.2026;1
7640230490801;A_MAG_7640230490801_01102027_(M_5);M;5;29.09.2025;01.10.2027;3
7640230490962;A_MAG_7640230490962_01072027_(X_3);X;3;12.05.2025;01.07.2027;1
7640230492928;A_MAG_7640230492928_01012028_(O_4);O;4;24.11.2025;01.01.2028;3
7640230493178;A_MAG_7640230493178_21032026_(X_4);X;4;10.11.2025;21.03.2026;1
7640230493727;A_MAG_7640230493727_16042026_(A_3);A;3;10.11.2025;16.04.2026;1
7640230493833;A_MAG_7640230493833_15122026_(U_3);U;3;01.12.2025;15.12.2026;2
7640230494205;A_MAG_7640230494205_01072028_(M_5);M;5;17.11.2025;01.07.2028;1
7640230494205;A_MAG_7640230494205_01072028_(X_1);X;1;08.12.2025;01.07.2028;3
7640230494205;A_MAG_7640230494205_01072028_(W_2);W;2;08.12.2025;01.07.2028;1
7792710000182;A_MAG_7792710000182_01082027_(K_5);K;5;17.03.2025;01.08.2027;4
8000130480705;A_MAG_8000130480705_01012026_(O_6);O;6;08.12.2025;01.01.2026;8
8002849910191;A_MAG_8002849910191_28102027_(W_2);W;2;06.10.2025;28.10.2027;1
8002849910191;A_MAG_8002849910191_28102027_(S_1);S;1;03.11.2025;28.10.2027;1
8002885003390;A_MAG_8002885003390_29102026_(M_5);M;5;10.11.2025;29.10.2026;1
8002885004632;A_MAG_8002885004632_13072026_(B_4);B;4;27.10.2025;13.07.2026;1
8002885004632;A_MAG_8002885004632_13072026_(K_4);K;4;27.10.2025;13.07.2026;3
8002885005691;A_MAG_8002885005691_10062026_(W_1);W;1;17.11.2025;10.06.2026;5
8005221301310;A_MAG_8005221301310_15012026_(G_3);G;3;08.12.2025;15.01.2026;2
8005221301327;A_MAG_8005221301327_09022026_(G_3);G;3;08.12.2025;09.02.2026;2
8009004110021;A_MAG_8009004110021_30042028_(J_3);J;3;10.11.2025;30.04.2028;1
8009004110045;A_MAG_8009004110045_30042028_(T_1);T;1;24.11.2025;30.04.2028;1
8009004210042;A_MAG_8009004210042_30042028_(F_3);F;3;03.11.2025;30.04.2028;1
8009004809079;A_MAG_8009004809079_28022028_(O_4);O;4;24.11.2025;28.02.2028;1
8009004809468;A_MAG_8009004809468_31122027_(X_5);X;5;10.11.2025;31.12.2027;2
8009004809468;A_MAG_8009004809468_31122027_(F_6);F;6;24.11.2025;31.12.2027;1
8009004809468;A_MAG_8009004809468_31122027_(N_4);N;4;08.12.2025;31.12.2027;2
8009004810648;A_MAG_8009004810648_08102026_(H_2);H;2;08.12.2025;08.10.2026;1
8009004810679;A_MAG_8009004810679_30092028_(G_2);G;2;08.12.2025;30.09.2028;1
8009004811386;A_MAG_8009004811386_18062026_(A_1);A;1;17.11.2025;18.06.2026;1
8009004811522;A_MAG_8009004811522_19062028_(U_4);U;4;01.12.2025;19.06.2028;2
8009004811539;A_MAG_8009004811539_29052028_(K_2);K;2;08.12.2025;29.05.2028;2
8009004811546;A_MAG_8009004811546_29052028_(U_2);U;2;01.12.2025;29.05.2028;2
8009004811874;A_MAG_8009004811874_27032028_(X_1);X;1;08.12.2025;27.03.2028;1
8009004850200;A_MAG_8009004850200_29102027_(G_4);G;4;06.10.2025;29.10.2027;1
8009004901186;A_MAG_8009004901186_21072027_(T_1);T;1;01.12.2025;21.07.2027;1
8016419400364;A_MAG_8016419400364_18062028_(C_5);C;5;24.11.2025;18.06.2028;2
8016419400395;A_MAG_8016419400395_14012028_(J_1);J;1;08.12.2025;14.01.2028;3
8019428000037;A_MAG_8019428000037_12042026_(T_2);T;2;06.10.2025;12.04.2026;1
8019428000228;A_MAG_8019428000228_30062026_(M_5);M;5;22.09.2025;30.06.2026;2
8019428000327;A_MAG_8019428000327_23082026_(B_7);B;7;14.08.2025;23.08.2026;1
8019428000327;A_MAG_8019428000327_23082026_(R_5);R;5;22.09.2025;23.08.2026;1
8019428004080;A_MAG_8019428004080_14052026_(X_1);X;1;06.10.2025;14.05.2026;1
8019428004127;A_MAG_8019428004127_16122026_(G_2);G;2;08.12.2025;16.12.2026;4
8019428007067;A_MAG_8019428007067_01012026_(H_2);H;2;07.07.2025;01.01.2026;1
8019428007098;A_MAG_8019428007098_01062026_(H_5);H;5;28.08.2025;01.06.2026;1
8019428007364;A_MAG_8019428007364_19082026_(H_3);H;3;01.12.2025;19.08.2026;1
8019428007685;A_MAG_8019428007685_22082026_(Y_2);Y;2;08.12.2025;22.08.2026;1
8019428007685;A_MAG_8019428007685_22082026_(W_3);W;3;08.12.2025;22.08.2026;2
8019428009085;A_MAG_8019428009085_25052026_(O_3);O;3;01.12.2025;25.05.2026;2
8019428009108;A_MAG_8019428009108_08062026_(O_3);O;3;01.12.2025;08.06.2026;2
8019428009146;A_MAG_8019428009146_23022026_(U_5);U;5;17.11.2025;23.02.2026;2
8023242000418;A_MAG_8023242000418_15042026_(S_3);S;3;24.11.2025;15.04.2026;1
8024985005234;A_MAG_8024985005234_01062026_(N_3);N;3;28.07.2025;01.06.2026;4
8024985008044;A_MAG_8024985008044_01022026_(J_4);J;4;28.07.2025;01.02.2026;1
8032738360813;A_MAG_8032738360813_01012028_(J_1);J;1;08.12.2025;01.01.2028;1
8034034861704;A_MAG_8034034861704_26022029_(M_5);M;5;29.09.2025;26.02.2029;1
8050534140033;A_MAG_8050534140033_05062028_(R_2);R;2;24.11.2025;05.06.2028;1
8050534145793;A_MAG_8050534145793_22092028_(G_1);G;1;08.12.2025;22.09.2028;1
8050534149456;A_MAG_8050534149456_28102028_(K_2);K;2;08.12.2025;28.10.2028;2
8050534149890;A_MAG_8050534149890_15092028_(W_2);W;2;10.11.2025;15.09.2028;1
8053323640738;A_MAG_8053323640738_15122027_(B_4);B;4;08.12.2025;15.12.2027;2
8410342002013;A_MAG_8410342002013_01032027_(R_5);R;5;27.10.2025;01.03.2027;1
8410342005731;A_MAG_8410342005731_01112026_(S_3);S;3;27.10.2025;01.11.2026;1
8410376050837;A_MAG_8410376050837_22042026_(L_2);L;2;20.10.2025;22.04.2026;4
8410748001542;A_MAG_8410748001542_25062026_(G_7);G;7;17.11.2025;25.06.2026;10
8412439285002;A_MAG_8412439285002_01012029_(W_2);W;2;06.10.2025;01.01.2029;1
8412439285019;A_MAG_8412439285019_23062029_(B_2);B;2;06.10.2025;23.06.2029;1
8412439285064;A_MAG_8412439285064_01012028_(F_6);F;6;04.08.2025;01.01.2028;1
8412439285101;A_MAG_8412439285101_01012029_(U_1);U;1;08.12.2025;01.01.2029;1
8412439285330;A_MAG_8412439285330_25062029_(J_4);J;4;10.11.2025;25.06.2029;1
8412439286917;A_MAG_8412439286917_01112028_(P_3);P;3;09.06.2025;01.11.2028;2
8435030572661;A_MAG_8435030572661_01052028_(M_1);M;1;14.06.2024;01.05.2028;73
8437001476640;A_MAG_8437001476640_01042028_(J_1);J;1;22.09.2025;01.04.2028;1
8586011381496;A_MAG_8586011381496_20102026_(N_2);N;2;10.11.2025;20.10.2026;3
8586011381519;A_MAG_8586011381519_16092026_(U_4);U;4;17.11.2025;16.09.2026;1
8586011382974;A_MAG_8586011382974_06102026_(Y_4);Y;4;08.12.2025;06.10.2026;2
8588003339416;A_MAG_8588003339416_09112026_(O_1);O;1;29.09.2025;09.11.2026;1
8588004918047;A_MAG_8588004918047_02072026_(L_2);L;2;15.09.2025;02.07.2026;4
8588004918047;A_MAG_8588004918047_02072026_(W_4);W;4;22.09.2025;02.07.2026;3
8588004918047;A_MAG_8588004918047_02072026_(P_2);P;2;08.12.2025;02.07.2026;2
8588004918061;A_MAG_8588004918061_24102026_(J_4);J;4;01.12.2025;24.10.2026;6
8588004918078;A_MAG_8588004918078_08092026_(E_1);E;1;17.11.2025;08.09.2026;30
8588004918344;A_MAG_8588004918344_08092026_(H_5);H;5;08.12.2025;08.09.2026;15
8588004918351;A_MAG_8588004918351_16062026_(J_4);J;4;01.12.2025;16.06.2026;21
8588005524018;A_MAG_8588005524018_10072026_(U_3);U;3;17.11.2025;10.07.2026;1
8588005524049;A_MAG_8588005524049_01102026_(S_3);S;3;20.10.2025;01.10.2026;22
8588005524049;A_MAG_8588005524049_01102026_(U_4);U;4;01.12.2025;01.10.2026;1
8588006618129;A_MAG_8588006618129_01042026_(A_4);A;4;07.07.2025;01.04.2026;1
8588006618150;A_MAG_8588006618150_01092026_(N_5);N;5;01.12.2025;01.09.2026;1
8588006757392;A_MAG_8588006757392_01032026_(L_1);L;1;19.05.2025;01.03.2026;1
8588007836409;A_MAG_8588007836409_25032026_(U_3);U;3;15.09.2025;25.03.2026;2
8588008572955;A_MAG_8588008572955_01062026_(N_5);N;5;01.12.2025;01.06.2026;2
8588009163671;A_MAG_8588009163671_01102026_(N_5);N;5;01.12.2025;01.10.2026;2
8588009163688;A_MAG_8588009163688_01102026_(N_5);N;5;01.12.2025;01.10.2026;2
8588009163695;A_MAG_8588009163695_01052026_(N_5);N;5;01.12.2025;01.05.2026;2
8588009163701;A_MAG_8588009163701_01052026_(N_5);N;5;01.12.2025;01.05.2026;2
8588009163718;A_MAG_8588009163718_01092026_(N_5);N;5;01.12.2025;01.09.2026;2
8588009572039;A_MAG_8588009572039_01072026_(N_5);N;5;01.12.2025;01.07.2026;2
8588009572060;A_MAG_8588009572060_01072026_(N_5);N;5;01.12.2025;01.07.2026;2
8594006661799;A_MAG_8594006661799_01012027_(Y_2);Y;2;30.06.2025;01.01.2027;1
8594006663755;A_MAG_8594006663755_01022026_(C_3);C;3;12.05.2025;01.02.2026;3
8594006666480;A_MAG_8594006666480_24032027_(C_4);C;4;17.11.2025;24.03.2027;2
8594006666480;A_MAG_8594006666480_29082027_(F_1);F;1;17.11.2025;29.08.2027;9
8594006666497;A_MAG_8594006666497_15102027_(U_3);U;3;01.12.2025;15.10.2027;7
8594006667524;A_MAG_8594006667524_12022027_(C_5);C;5;08.09.2025;12.02.2027;1
8594006667647;A_MAG_8594006667647_13122026_(B_7);B;7;14.08.2025;13.12.2026;4
8594006667647;A_MAG_8594006667647_13122026_(G_4);G;4;17.11.2025;13.12.2026;3
8594006667692;A_MAG_8594006667692_01032027_(N_4);N;4;14.07.2025;01.03.2027;8
8594006668187;A_MAG_8594006668187_01102026_(C_5);C;5;16.06.2025;01.10.2026;23
8594006668217;A_MAG_8594006668217_19082027_(B_4);B;4;29.09.2025;19.08.2027;4
8594006668217;A_MAG_8594006668217_12052027_(F_1);F;1;29.09.2025;12.05.2027;7
8594006668224;A_MAG_8594006668224_25032027_(A_6);A;6;29.09.2025;25.03.2027;2
8594006668231;A_MAG_8594006668231_28042027_(T_3);T;3;29.09.2025;28.04.2027;4
8594006668323;A_MAG_8594006668323_01122026_(A_2);A;2;30.06.2025;01.12.2026;1
8594006668330;A_MAG_8594006668330_01042027_(W_5);W;5;16.06.2025;01.04.2027;4
8594006668354;A_MAG_8594006668354_01032027_(U_5);U;5;28.08.2025;01.03.2027;3
8594006668408;A_MAG_8594006668408_01012027_(U_4);U;4;28.08.2025;01.01.2027;31
8594006668439;A_MAG_8594006668439_01032027_(R_2);R;2;23.06.2025;01.03.2027;5
8594015704692;A_MAG_8594015704692_01022028_(F_4);F;4;11.08.2025;01.02.2028;1
8594015705408;A_MAG_8594015705408_01012028_(A_1);A;1;14.04.2025;01.01.2028;1
8594062350439;A_MAG_8594062350439_01042027_(X_2);X;2;16.06.2025;01.04.2027;1
8594068262224;A_MAG_8594068262224_19072026_(Y_5);Y;5;24.11.2025;19.07.2026;1
8594071210571;A_MAG_8594071210571_27092026_(X_4);X;4;01.12.2025;27.09.2026;1
8595178200694;A_MAG_8595178200694_01032028_(T_2);T;2;24.11.2025;01.03.2028;1
8595178201714;A_MAG_8595178201714_01072027_(U_2);U;2;03.11.2025;01.07.2027;1
8595178204968;A_MAG_8595178204968_01012028_(R_3);R;3;24.11.2025;01.01.2028;2
8595178205989;A_MAG_8595178205989_01082027_(U_4);U;4;01.12.2025;01.08.2027;1
8595178218736;A_MAG_8595178218736_01112027_(G_1);G;1;08.12.2025;01.11.2027;1
8595582405999;A_MAG_8595582405999_07062026_(W_4);W;4;08.12.2025;07.06.2026;1
8595582413499;A_MAG_8595582413499_01092026_(A_5);A;5;12.11.2024;01.09.2026;1
8595582430243;A_MAG_8595582430243_23052026_(J_5);J;5;24.11.2025;23.05.2026;1
8595582430410;A_MAG_8595582430410_07062026_(W_4);W;4;08.12.2025;07.06.2026;1
8699266390868;A_MAG_8699266390868_01012028_(H_2);H;2;13.10.2025;01.01.2028;1
8699266394842;A_MAG_8699266394842_01012027_(O_5);O;5;19.05.2025;01.01.2027;2
8699367125741;A_MAG_8699367125741_01032028_(R_5);R;5;27.10.2025;01.03.2028;1
8699367129718;A_MAG_8699367129718_01052028_(G_4);G;4;17.11.2025;01.05.2028;1
8699367129718;A_MAG_8699367129718_01052028_(H_4);H;4;17.11.2025;01.05.2028;1
8712153027125;A_MAG_8712153027125_01052028_(R_1);R;1;08.12.2025;01.05.2028;1
8712153270903;A_MAG_8712153270903_13122028_(R_2);R;2;08.12.2025;13.12.2028;1
8712439040305;A_MAG_8712439040305_28102027_(N_3);N;3;08.12.2025;28.10.2027;1
8713576002591;A_MAG_8713576002591_30062027_(Y_2);Y;2;08.09.2025;30.06.2027;1
8713576003192;A_MAG_8713576003192_01042027_(T_2);T;2;17.11.2025;01.04.2027;1
8713576004267;A_MAG_8713576004267_30062027_(O_4);O;4;08.12.2025;30.06.2027;1
8713576114102;A_MAG_8713576114102_20032027_(H_3);H;3;01.12.2025;20.03.2027;1
8713576173253;A_MAG_8713576173253_30062027_(C_4);C;4;03.11.2025;30.06.2027;1
8713576282535;A_MAG_8713576282535_01012027_(M_3);M;3;08.12.2025;01.01.2027;1
8714265090127;A_MAG_8714265090127_01072026_(T_2);T;2;14.07.2025;01.07.2026;1
8714265090226;A_MAG_8714265090226_09072026_(A_6);A;6;08.09.2025;09.07.2026;3
8714265090523;A_MAG_8714265090523_17022027_(B_6);B;6;03.11.2025;17.02.2027;3
8714265973154;A_MAG_8714265973154_01022027_(M_3);M;3;03.11.2025;01.02.2027;4
8714265973574;A_MAG_8714265973574_08082026_(G_4);G;4;08.12.2025;08.08.2026;3
8714265973925;A_MAG_8714265973925_01012027_(W_3);W;3;09.06.2025;01.01.2027;1
8714265974878;A_MAG_8714265974878_01052026_(Y_2);Y;2;08.09.2025;01.05.2026;1
8714685902208;A_MAG_8714685902208_25122025_(U_2);U;2;03.11.2025;25.12.2025;1
8717496900029;A_MAG_8717496900029_31122028_(T_5);T;5;01.12.2025;31.12.2028;1
8717496900081;A_MAG_8717496900081_18042026_(J_3);J;3;08.12.2025;18.04.2026;2
8717496900135;A_MAG_8717496900135_01032029_(S_2);S;2;06.10.2025;01.03.2029;1
8717496900135;A_MAG_8717496900135_01032029_(G_4);G;4;06.10.2025;01.03.2029;1
8717496900142;A_MAG_8717496900142_01062029_(Y_1);Y;1;24.11.2025;01.06.2029;2
8717496900159;A_MAG_8717496900159_17122027_(S_1);S;1;03.11.2025;17.12.2027;2
8717496900173;A_MAG_8717496900173_01032029_(X_1);X;1;08.12.2025;01.03.2029;1
8717496903716;A_MAG_8717496903716_20042026_(J_3);J;3;08.12.2025;20.04.2026;1
8718754502016;A_MAG_8718754502016_20062026_(K_4);K;4;08.12.2025;20.06.2026;2
8718754502313;A_MAG_8718754502313_25042026_(N_1);N;1;27.10.2025;25.04.2026;1
8718754502351;A_MAG_8718754502351_15052026_(B_7);B;7;17.11.2025;15.05.2026;6
8718754503044;A_MAG_8718754503044_05032027_(A_1);A;1;10.11.2025;05.03.2027;1
8718754505635;A_MAG_8718754505635_14032026_(T_3);T;3;20.10.2025;14.03.2026;2
8718754506687;A_MAG_8718754506687_13062026_(F_4);F;4;08.12.2025;13.06.2026;1
8718754507158;A_MAG_8718754507158_22052026_(L_5);L;5;17.11.2025;22.05.2026;3
8718781200053;A_MAG_8718781200053_27122026_(S_1);S;1;22.09.2025;27.12.2026;1
8718976009553;A_MAG_8718976009553_13042026_(T_1);T;1;24.11.2025;13.04.2026;3
8718976009584;A_MAG_8718976009584_04032026_(K_3);K;3;08.12.2025;04.03.2026;2
8718976018166;A_MAG_8718976018166_21062027_(W_3);W;3;08.12.2025;21.06.2027;1
8718976020145;A_MAG_8718976020145_28112026_(B_3);B;3;17.11.2025;28.11.2026;1
8718976021647;A_MAG_8718976021647_01112027_(B_4);B;4;03.11.2025;01.11.2027;1
8719324640701;A_MAG_8719324640701_06052026_(F_4);F;4;01.12.2025;06.05.2026;1
8720618657329;A_MAG_8720618657329_01012027_(Y_1);Y;1;22.04.2025;01.01.2027;2
8721082004091;A_MAG_8721082004091_03052026_(U_6);U;6;03.11.2025;03.05.2026;3
8721082004138;A_MAG_8721082004138_27022026_(K_4);K;4;08.12.2025;27.02.2026;2
8721082004305;A_MAG_8721082004305_07042026_(B_1);B;1;03.11.2025;07.04.2026;3
8858826308990;A_MAG_8858826308990_20082026_(N_2);N;2;22.09.2025;20.08.2026;1
8936181660431;A_MAG_8936181660431_31032027_(R_5);R;5;13.10.2025;31.03.2027;4
8936181660448;A_MAG_8936181660448_23042027_(U_3);U;3;01.12.2025;23.04.2027;3
9020200031032;A_MAG_9020200031032_12032026_(F_5);F;5;20.10.2025;12.03.2026;2
9120008990699;A_MAG_9120008990699_04012027_(U_1);U;1;22.09.2025;04.01.2027;4
9120008994185;A_MAG_9120008994185_01112026_(X_2);X;2;12.05.2025;01.11.2026;3
9120008994222;A_MAG_9120008994222_01112026_(T_4);T;4;19.05.2025;01.11.2026;2
9120008994260;A_MAG_9120008994260_01112026_(M_5);M;5;28.07.2025;01.11.2026;3
9120008995823;A_MAG_9120008995823_01092026_(I_1);I;1;12.05.2025;01.09.2026;11
9120008996431;A_MAG_9120008996431_17072026_(F_5);F;5;20.10.2025;17.07.2026;4
9120008996479;A_MAG_9120008996479_01012026_(W_5);W;5;12.05.2025;01.01.2026;2
9120008998565;A_MAG_9120008998565_01082026_(T_5);T;5;19.05.2025;01.08.2026;1
9120008998725;A_MAG_9120008998725_10102026_(N_2);N;2;08.12.2025;10.10.2026;1
9120100630066;A_MAG_9120100630066_01032026_(P_4);P;4;22.04.2025;01.03.2026;6
5906750251486;;A;1;15.12.2025;12.12.2026;4
5060691233458;;A;1;15.12.2025;04.08.2027;4
5998858706562;;A;2;15.12.2025;13.03.2026;4
8588000526758;;A;2;15.12.2025;25.06.2026;1
8009004811409;;A;2;15.12.2025;23.04.2027;3
8594071212377;;A;2;15.12.2025;22.11.2026;2
8586024470484;;A;2;15.12.2025;20.11.2026;4
5902983782728;;A;3;15.12.2025;30.04.2026;3
5907814664907;;A;3;15.12.2025;24.07.2027;1
5902425051160;;A;3;15.12.2025;31.10.2026;2
5907814660435;;A;3;15.12.2025;30.09.2026;2
5906750252490;;A;3;15.12.2025;03.05.2026;4
5902367409142;;A;3;15.12.2025;07.11.2026;1
5902488066040;;A;3;15.12.2025;31.10.2028;1
5906732627063;;A;3;15.12.2025;01.11.2026;1
8052575091367;;A;4;15.12.2025;01.07.2028;1
5906732624383;;A;4;15.12.2025;01.10.2027;1
5906732624444;;A;4;15.12.2025;01.02.2027;1
7640104951247;;A;4;15.12.2025;29.03.2027;1
5021991938740;;A;4;15.12.2025;02.02.2028;1
5021991941733;;A;4;15.12.2025;06.09.2027;1
5901597385066;;A;4;15.12.2025;01.02.2027;1
3700110049711;;A;4;15.12.2025;01.03.2027;1
8713576004281;;A;4;15.12.2025;16.06.2027;1
5902605412026;;A;5;15.12.2025;30.11.2026;1
8410342006301;;A;5;15.12.2025;01.04.2027;1
8019428007005;;A;6;15.12.2025;25.08.2026;1
5907652545543;;A;6;15.12.2025;09.10.2026;1
5904730218344;;A;6;15.12.2025;06.11.2026;1
5908249977211;;A;6;15.12.2025;25.01.2026;1
5907814668042;;A;6;15.12.2025;30.09.2026;2
5902425055854;;A;6;15.12.2025;30.04.2026;1
5907814662903;;A;6;15.12.2025;30.09.2026;1
8712153627103;;A;6;15.12.2025;31.12.2028;1
5907814662200;;A;7;15.12.2025;30.09.2027;1
5902983785644;;A;7;15.12.2025;11.12.2027;2
5902448169262;;A;7;15.12.2025;31.07.2027;1
5907814666994;;A;7;15.12.2025;14.08.2026;1
5902488066101;;A;7;15.12.2025;07.05.2026;1
5902581617170;;A;7;15.12.2025;30.09.2026;1
5901641005964;;A;7;15.12.2025;01.10.2027;1
5903453003664;;I;6;15.12.2025;01.07.2026;3
8717496906946;;A;7;15.12.2025;12.06.2027;2
8586011382066;;A;7;15.12.2025;20.10.2026;2
8586011382929;;B;1;15.12.2025;20.10.2026;2
8712439040503;;B;1;15.12.2025;28.09.2027;1
8009004801004;;B;1;15.12.2025;18.10.2026;2
8586011382912;;B;2;15.12.2025;06.10.2026;2
4004790110303;;B;2;15.12.2025;28.08.2026;2
5902367406073;;B;3;15.12.2025;01.09.2027;5
8594071210960;;B;3;15.12.2025;19.11.2026;2
5903933645216;;B;3;15.12.2025;15.10.2026;5
4260311984772;;B;3;15.12.2025;18.09.2026;4
3800233781830;;B;3;15.12.2025;03.09.2026;5
3800231610071;;B;3;15.12.2025;01.09.2026;1
3800501908594;;B;4;15.12.2025;01.07.2028;1
3800501908815;;B;4;15.12.2025;01.07.2028;2
5900028007751;;B;4;15.12.2025;22.07.2026;3
5903794180406;;B;4;15.12.2025;02.03.2027;6
7640230493765;;B;4;15.12.2025;24.07.2026;1
5904730012683;;B;4;15.12.2025;06.04.2026;2
4005394285114;;B;5;15.12.2025;30.06.2028;3
5905279630017;;B;5;15.12.2025;07.08.2026;1
5902175866052;;B;5;15.12.2025;31.12.2027;1
5900238562866;;B;5;15.12.2025;30.10.2026;2
5902367409739;;B;5;15.12.2025;13.04.2027;8
5902741005038;;B;6;15.12.2025;02.10.2027;3
5998858706579;;B;6;15.12.2025;22.03.2026;4
5908445470639;;B;7;15.12.2025;01.03.2026;2
5900038002326;;B;7;15.12.2025;01.06.2026;1
3800233782936;;B;7;15.12.2025;10.01.2027;2
5903794180260;;B;7;15.12.2025;01.01.2029;1
4012346157009;;B;7;15.12.2025;01.02.2028;1
5905279630017;;B;7;15.12.2025;07.08.2026;1
5905279630048;;B;7;15.12.2025;15.07.2026;1
5903794189317;;B;7;15.12.2025;01.01.2029;2
7640230490320;;C;1;15.12.2025;01.06.2026;3
5902565216733;;C;1;15.12.2025;20.10.2026;1
5902425050002;;C;1;15.12.2025;06.03.2028;5
5907738150210;;C;1;15.12.2025;22.05.2026;4
5907814666499;;C;2;15.12.2025;11.06.2026;5
5900038001961;;C;2;15.12.2025;01.09.2026;20
5908445474071;;B;3;15.12.2025;29.07.2027;6
5905279764231;;B;3;15.12.2025;30.11.2026;1
5902983781400;;B;3;15.12.2025;31.08.2029;10
5902650278257;;B;3;15.12.2025;30.09.2026;5
5907814664761;;B;3;15.12.2025;31.07.2026;1
5902605414082;;B;4;15.12.2025;30.06.2026;1
8435030571725;;B;4;15.12.2025;01.07.2027;1
8435030599996;;B;4;15.12.2025;01.07.2027;1
5021991941566;;B;4;15.12.2025;02.07.2027;1
7640161875524;;B;4;15.12.2025;13.08.2026;1
4012346533407;;B;4;15.12.2025;01.04.2028;1
8011845004940;;B;4;15.12.2025;08.03.2027;1
5903728830414;;B;4;15.12.2025;01.03.2026;1
5903728830421;;B;4;15.12.2025;01.10.2026;1
7640104951308;;C;5;15.12.2025;02.04.2027;1
7640104951247;;C;5;15.12.2025;29.03.2027;1
5908228098715;;C;5;15.12.2025;01.01.2027;1
5908228098708;;C;5;15.12.2025;01.08.2028;1
4019886076166;;C;5;15.12.2025;01.11.2026;1
5905155515124;;C;5;15.12.2025;09.06.2026;1
5902565216740;;C;5;15.12.2025;17.10.2026;1
5903864780482;;C;5;15.12.2025;27.05.2026;3
5902175866076;;C;6;15.12.2025;31.12.2027;1
8052575091367;;C;6;15.12.2025;01.07.2028;1
8009004850224;;C;6;15.12.2025;28.03.2028;2
4015637843018;;C;6;15.12.2025;24.09.2028;1
4016512061152;;C;6;15.12.2025;17.05.2027;1
4003247705550;;C;6;15.12.2025;04.08.2026;1
7640104952695;;C;6;15.12.2025;01.08.2028;1
5411788042765;;C;6;15.12.2025;02.07.2026;1
8029689003999;;C;6;15.12.2025;01.11.2028;1
5000204249002;;C;6;15.12.2025;01.12.2026;2
5906657521880;;C;6;15.12.2025;01.08.2027;1
7640230490726;;C;6;15.12.2025;21.08.2026;2
7640161879379;;Y;2;15.12.2025;06.09.2026;2
5907814664280;;Y;2;15.12.2025;06.03.2028;1
5907814661104;;Y;2;15.12.2025;30.09.2026;1
5907653106842;;Y;2;15.12.2025;14.05.2026;2
5901902008659;;Y;2;15.12.2025;01.09.2028;2
5021991941733;;Y;2;15.12.2025;06.09.2027;1
5902983785590;;L;1;15.12.2025;08.11.2026;2
5902431594002;;Y;3;15.12.2025;17.02.2026;1
5902431592015;;Y;3;15.12.2025;23.02.2026;1
8009004120037;;Y;3;15.12.2025;16.07.2028;1
8718976020183;;Y;4;15.12.2025;05.08.2026;1
3380380096327;;Y;4;15.12.2025;01.08.2026;1
3383482294820;;Y;5;15.12.2025;01.01.2028;1
5021991944512;;Y;5;15.12.2025;07.09.2027;1
4012824402416;;Y;5;15.12.2025;31.05.2028;1
5021991941566;;Y;5;15.12.2025;02.07.2027;1
8009004800106;;Y;5;15.12.2025;29.07.2028;1
4012824406575;;Y;5;15.12.2025;30.06.2028;1
4012824400252;;Y;5;15.12.2025;31.07.2028;1
4260311981511;;Y;5;15.12.2025;03.06.2026;1
4012346154305;;Y;6;15.12.2025;01.12.2028;1
3800500324456;;Y;6;15.12.2025;01.07.2028;1
5907738150258;;Y;6;15.12.2025;12.09.2026;1
5902768527988;;Y;6;15.12.2025;03.11.2027;1
5902609000762;;X;1;15.12.2025;01.09.2026;2
5908249976245;;X;1;15.12.2025;18.08.2026;3
5903933645308;;X;2;15.12.2025;19.08.2026;2
8436547647040;;X;2;15.12.2025;01.11.2026;2
5907709952195;;X;3;15.12.2025;05.04.2028;1
5905279799950;;X;3;15.12.2025;01.11.2026;1
5905279630048;;X;3;15.12.2025;15.07.2026;1
7640161877023;;X;3;15.12.2025;24.12.2026;4
7640161877399;;X;3;15.12.2025;09.11.2026;5
7640161877337;;X;3;15.12.2025;29.09.2026;4
7640161876989;;X;3;15.12.2025;28.09.2026;4
7640161877238;;X;4;15.12.2025;29.09.2026;6
7640161877085;;X;4;15.12.2025;30.09.2026;2
7640230490320;;X;4;15.12.2025;01.06.2026;2
7640161877252;;W;1;15.12.2025;27.10.2026;2
7640161877290;;W;1;15.12.2025;25.09.2026;3
5907666575154;;W;1;15.12.2025;27.04.2026;13
5701410405182;;U;1;15.12.2025;01.01.2028;4
5907814661531;;W;1;15.12.2025;15.10.2026;4
5907738150210;;W;2;15.12.2025;22.05.2026;4
5907814666376;;W;2;15.12.2025;11.09.2026;1
8000130480477;;P;8;15.12.2025;26.01.2026;11
5902488066118;;W;2;15.12.2025;13.08.2026;2
8009004120013;;W;2;15.12.2025;22.08.2026;2
5902020648895;;W;3;15.12.2025;23.09.2026;1
8713576114133;;W;3;15.12.2025;13.05.2027;2
5907609421050;;W;3;15.12.2025;04.11.2026;2
4015637823942;;W;3;15.12.2025;23.04.2027;2
5907713374907;;W;3;15.12.2025;08.09.2027;2
8016419001738;;W;4;15.12.2025;01.09.2028;2
5902425051153;;W;4;15.12.2025;30.11.2026;2
5902983785668;;W;4;15.12.2025;10.06.2027;2
5907814664303;;W;4;15.12.2025;02.12.2026;1
8009004810556;;W;4;15.12.2025;31.10.2027;1
5906961181206;;W;4;15.12.2025;13.03.2027;1
5902837811925;;W;4;15.12.2025;01.08.2027;1
8595582418333;;T;1;15.12.2025;29.09.2026;2
5907814666918;;T;1;15.12.2025;30.09.2026;1
5902425057261;;T;1;15.12.2025;08.09.2026;1
5902488066033;;T;1;15.12.2025;01.05.2027;1
5902983781530;;T;1;15.12.2025;04.06.2027;1
5907738158063;;T;1;15.12.2025;06.06.2026;2
8595582418098;;T;1;15.12.2025;23.07.2026;1
5907814667946;;T;1;15.12.2025;24.03.2027;1
5907814669179;;T;2;15.12.2025;26.09.2027;1
5907738152849;;T;2;15.12.2025;10.01.2027;1
5902768527537;;T;2;15.12.2025;04.10.2027;3
5902425050804;;T;3;15.12.2025;29.12.2026;1
5902367404901;;T;3;15.12.2025;31.12.2028;1
4018722344698;;T;3;15.12.2025;18.10.2028;1
5200300115786;;T;3;15.12.2025;21.03.2027;1
5904538030742;;T;3;15.12.2025;01.12.2026;5
7640161877337;;T;3;15.12.2025;29.09.2026;1
4030917058104;;T;3;15.12.2025;01.03.2028;1
5907222061770;;T;3;15.12.2025;30.06.2026;1
5907736737529;;T;3;15.12.2025;22.06.2026;1
734027974036;;T;3;15.12.2025;06.01.2027;1
5906750252698;;T;4;15.12.2025;31.05.2027;5
5907738152788;;T;4;15.12.2025;01.01.2029;5
5907814664822;;T;4;15.12.2025;06.11.2026;2
5902560392166;;T;4;15.12.2025;14.11.2026;1
5904624351300;;T;4;15.12.2025;26.01.2026;1
5907709957190;;S;1;15.12.2025;31.08.2029;1
5908234462111;;S;1;15.12.2025;15.07.2028;1
5998858706852;;S;1;15.12.2025;29.03.2026;2
4044889004106;;S;1;15.12.2025;01.11.2027;1
4044889003222;;S;1;15.12.2025;01.10.2026;1
5907222061008;;S;2;15.12.2025;30.06.2026;1
5902741007056;;S;2;15.12.2025;04.10.2027;1
5902605416468;;S;2;15.12.2025;31.08.2026;1
5902605416659;;S;3;15.12.2025;30.11.2026;1
5906750251394;;S;3;15.12.2025;24.07.2026;3
5902706270143;;S;3;15.12.2025;30.05.2026;1
5902425055960;;S;3;15.12.2025;11.09.2026;1
5907814661401;;S;3;15.12.2025;09.04.2026;2
5902175869831;;S;3;15.12.2025;31.08.2026;1
5907814661920;;S;3;15.12.2025;06.10.2027;1
5907222061770;;S;3;15.12.2025;30.06.2026;1
5907222061015;;S;3;15.12.2025;10.07.2026;1
8009004120105;;S;3;15.12.2025;22.08.2028;1
5902431593937;;T;4;15.12.2025;03.05.2026;1
8809723783359;;T;4;15.12.2025;27.07.2028;1
5998858706562;;T;4;15.12.2025;13.03.2026;1
4106060047675;;T;4;15.12.2025;17.09.2026;1
5907738152795;;T;4;15.12.2025;01.01.2028;1
4019736006169;;T;4;15.12.2025;25.09.2028;1
5906732624581;;T;4;15.12.2025;01.09.2027;1
609728699635;;K;1;15.12.2025;17.06.2027;3
5060691237272;;K;1;15.12.2025;17.06.2027;3
5060691233496;;K;1;15.12.2025;08.06.2027;4
5902367407612;;K;1;15.12.2025;30.05.2026;5
5907709952027;;K;2;15.12.2025;30.11.2026;2
8009004901179;;K;2;15.12.2025;29.09.2028;2
8595178204951;;K;2;15.12.2025;01.02.2028;2
5411788049191;;K;2;15.12.2025;01.04.2026;2
5060691233540;;K;2;15.12.2025;08.06.2027;3
4030917057701;;K;2;15.12.2025;01.07.2027;2
6430054832946;;K;2;15.12.2025;17.01.2027;3
5900238562194;;K;3;15.12.2025;17.07.2026;3
5907652545307;;J;1;15.12.2025;24.11.2026;6
5999885485468;;J;2;15.12.2025;04.09.2028;2
8713576282528;;J;2;15.12.2025;01.03.2027;1
5998858704681;;J;3;15.12.2025;13.04.2026;2
5907653106590;;J;3;15.12.2025;12.11.2026;1
5060691233519;;J;3;15.12.2025;04.08.2027;4
5901866004858;;J;4;15.12.2025;28.09.2026;1
8016419200179;;J;4;15.12.2025;13.10.2028;1
8410972171325;;J;5;15.12.2025;01.04.2029;1
8410972121436;;J;5;15.12.2025;01.11.2029;1
5900900002850;;J;5;15.12.2025;01.02.2028;1
87330373;;J;5;15.12.2025;05.11.2026;1
5907806271090;;Y;3;15.12.2025;01.12.2027;2
5902367407612;;O;1;15.12.2025;30.05.2026;5
7640230493314;;O;1;15.12.2025;04.09.2026;1
5902983785781;;O;1;15.12.2025;07.01.2028;1
5907518375338;;O;2;15.12.2025;25.12.2025;1
5907518375314;;O;2;15.12.2025;25.12.2025;1
5907814660732;;O;2;15.12.2025;31.07.2026;3
5902768527599;;O;2;15.12.2025;03.10.2027;1
5900038002395;;O;2;15.12.2025;01.09.2026;7
5903453004173;;O;2;15.12.2025;01.05.2026;1
5907814666123;;O;2;15.12.2025;22.08.2026;2
4019555705496;;O;4;15.12.2025;01.01.2028;1
4019555706004;;O;4;15.12.2025;01.01.2028;1
8595178201738;;O;4;15.12.2025;01.11.2027;2
5907814668448;;O;4;15.12.2025;31.01.2027;2
5907814661920;;O;4;15.12.2025;06.10.2027;1
5907814665201;;O;5;15.12.2025;14.08.2027;1
8595178201738;;O;5;15.12.2025;01.11.2027;1
5907814664136;;O;5;15.12.2025;22.04.2027;1
5903864780000;;O;5;15.12.2025;04.07.2026;2
5907814661180;;O;5;15.12.2025;08.09.2026;1
5907222061008;;O;5;15.12.2025;30.06.2026;1
5907814662873;;O;5;15.12.2025;06.10.2026;1
5907814661920;;O;5;15.12.2025;06.10.2026;1
5900038007697;;O;5;15.12.2025;01.05.2027;2
5412360018857;;Y;6;15.12.2025;01.04.2029;1
5412360018901;;Y;6;15.12.2025;01.04.2029;1
8594006668279;;Y;6;15.12.2025;14.10.2027;10
