EAN;KOD;Regał;Półka;Data przyjęcia;Data ważności;STAN
087614019239;;G;1;30.06.2025;01.09.2027;1
087614113357;;X;2;16.06.2025;01.10.2027;1
087614117089;;K;4;15.09.2025;01.05.2028;1
087614117423;;A;6;04.11.2024;01.12.2026;1
087614210346;;A;1;22.04.2025;01.08.2027;1
092399706236;;E;2;14.06.2024;10.05.2029;1
2587663004951;;P;1;20.10.2025;27.10.2025;1
3154144862141;;E;2;14.06.2024;03.01.2029;1
3268350120237;;P;3;12.11.2024;27.08.2025;1
3375190410012;;N;5;04.08.2025;01.10.2026;19
3375190410036;;G;5;20.10.2025;24.02.2026;2
3383482294820;;B;4;06.10.2025;01.01.2029;1
3383482306509;;P;5;20.10.2025;01.01.2027;1
3383482306578;;J;4;29.09.2025;01.01.2027;1
3383482306615;;N;3;08.09.2025;01.01.2028;1
3383482306622;;U;1;08.09.2025;01.01.2029;1
3445020001878;;R;4;01.09.2025;01.06.2026;1
3445020002554;;G;4;28.08.2025;01.10.2026;1
3445020002592;;G;4;06.10.2025;01.07.2026;1
3445020006699;;C;7;13.10.2025;01.07.2026;1
3483981000967;;K;2;14.07.2025;01.10.2026;1
3483981001292;;K;2;14.07.2025;01.09.2026;1
3609510004644;;E;1;14.06.2024;04.01.2029;1
3609510100421;;E;1;14.06.2024;05.01.2029;3
3609510120269;;E;3;14.06.2024;06.01.2029;3
3700110005397;;A;5;30.04.2025;01.08.2026;1
3700479107244;;P;2;20.10.2025;01.12.2027;1
3760128280322;;B;3;15.09.2025;05.11.2026;5
3760128280858;;T;5;20.10.2025;23.06.2026;1
3760128280858;;F;4;20.10.2025;23.06.2026;1
3760128281541;;A;3;27.10.2025;30.06.2026;3
3760128282029;;I;5;22.09.2025;17.06.2026;4
3760128282128;;W;1;29.09.2025;23.05.2026;2
3760128282142;;S;3;29.09.2025;16.04.2026;1
3760128282159;;X;1;06.10.2025;06.05.2026;1
3800218251617;;O;3;15.09.2025;21.03.2026;4
3800218252669;;M;3;20.10.2025;04.07.2026;8
3800218252904;;C;7;13.10.2025;23.05.2026;4
3800218252904;;G;4;20.10.2025;23.05.2026;1
3800233685428;;K;4;13.01.2025;01.12.2025;1
3800233685428;;K;3;06.10.2025;21.12.2025;1
3800233685435;;A;2;09.06.2025;01.12.2025;1
3800233781830;;I;2;20.10.2025;03.09.2026;2
3800233781830;;J;3;20.10.2025;03.09.2026;2
3800233782370;;F;6;04.08.2025;01.04.2026;2
3800233782394;;K;5;15.09.2025;14.03.2026;2
3800233782455;;T;3;28.07.2025;01.12.2025;4
3800236132233;;W;3;22.09.2025;30.01.2027;1
3800236132301;;Y;1;22.09.2025;23.03.2026;2
3800236132318;;F;1;28.07.2025;01.11.2026;1
3800500324012;;A;1;27.10.2025;01.01.2029;1
3800500324036;;F;3;20.01.2025;01.01.2027;1
3800500324548;;T;2;26.05.2025;01.09.2027;2
3800500324784;;B;3;17.02.2025;01.01.2027;1
3800500324784;;M;3;02.06.2025;01.01.2027;1
3800500324791;;F;3;20.01.2025;01.01.2027;1
3800500324791;;J;4;22.03.2025;01.01.2027;1
3807118252669;;G;4;20.10.2025;05.03.2026;1
4000345051411;;U;1;29.09.2025;06.08.2026;3
4000345298786;;N;4;10.03.2025;01.10.2026;1
4000915100938;;Y;3;06.10.2025;14.11.2025;2
4000915105520;;W;5;21.07.2025;01.09.2025;1
4000915105537;;G;5;04.08.2025;25.08.2025;1
4003247102243;;F;2;30.06.2025;01.09.2025;1
4004191005772;;A;7;22.04.2025;01.06.2026;1
4004191055821;;Y;5;19.05.2025;01.11.2026;3
4004790017565;;F;5;20.10.2025;19.07.2026;1
4004790035866;;Y;3;27.10.2025;11.09.2026;2
4004790037358;;Y;4;08.09.2025;04.04.2026;2
4005009102836;;G;2;27.08.2024;24.09.2025;2
4005009102911;;M;4;14.07.2025;01.03.2026;1
4005394116111;;O;5;20.10.2025;30.11.2026;3
4005394121023;;C;1;14.08.2025;31.10.2026;3
4005394200537;;S;3;10.02.2025;01.01.2026;1
4005394286197;;w;2;14.06.2024;31.10.2025;1
4005394287866;;S;2;28.08.2025;01.09.2026;4
4005967005392;;H;5;26.05.2025;01.01.2026;1
4006040013761;;X;1;06.10.2025;15.04.2028;1
4006040217411;;U;3;19.11.2024;01.10.2025;1
4006040271659;;L;4;10.02.2025;01.09.2025;1
4006040293811;;J;4;15.09.2025;01.03.2026;1
4006040294009;;C;3;27.10.2025;01.02.2026;1
4006040307679;;U;5;27.10.2025;01.06.2027;2
4006040307723;;S;4;23.12.2024;01.10.2026;1
4007843088925;;C;4;28.08.2025;01.06.2027;2
4008115896200;;D;1;14.06.2024;12.01.2029;4
4010139182016;;Y;3;08.09.2025;01.02.2026;1
4010139185000;;N;3;08.09.2025;01.03.2026;1
4012346156507;;C;3;15.09.2025;01.12.2027;1
4012346206202;;A;3;15.09.2025;01.04.2027;1
4012346520001;;U;2;13.10.2025;01.06.2028;1
4012346536507;;C;3;27.10.2025;01.06.2027;1
4012346626505;;U;6;27.10.2025;01.01.2028;1
4012824400108;;P;6;06.10.2025;31.05.2028;1
4012824401587;;C;2;15.09.2025;28.02.2028;1
4012824401969;;C;3;27.10.2025;30.04.2028;1
4012824402003;;C;2;21.07.2025;01.01.2028;1
4012824402218;;U;2;30.07.2024;31.03.2027;1
4012824402447;;U;2;16.12.2024;01.03.2027;1
4012824402461;;C;3;27.10.2025;30.04.2028;1
4012824402478;;F;4;20.10.2025;30.04.2028;1
4012824402508;;T;3;20.10.2025;30.04.2028;1
4012824405387;;U;5;14.06.2024;30.09.2026;1
4012824405714;;F;5;03.03.2025;01.09.2027;2
4012824406124;;T;3;04.08.2025;01.08.2027;1
4012824406391;;A;3;15.09.2025;28.02.2028;2
4012824406575;;A;3;27.10.2025;30.06.2028;1
4012970012613;;F;3;20.10.2025;01.07.2026;2
4013712575038;;I;3;31.03.2025;01.07.2028;1
4015533034770;;K;7;30.04.2025;01.02.2027;10
4015533034770;;O;1;19.05.2025;01.02.2027;10
4015637005072;;O;1;06.10.2025;23.04.2026;1
4015637823522;;B;1;28.08.2025;01.02.2026;1
4015637827445;;T;1;29.09.2025;07.07.2026;1
4016249017033;;Y;4;08.09.2025;18.07.2026;1
4016249017071;;W;1;20.10.2025;23.08.2026;2
4016249108571;;F;4;15.09.2025;28.05.2026;2
4016249150334;;M;5;29.09.2025;25.04.2026;2
4016249150372;;W;1;15.09.2025;26.05.2026;1
4016249150372;;M;5;29.09.2025;26.05.2026;1
4016249284800;;J;4;27.10.2025;25.08.2026;1
4018462196007;;P;2;29.11.2024;28.08.2025;1
4018722302575;;S;5;16.06.2025;01.02.2028;1
4018722302575;;T;3;07.07.2025;01.02.2028;1
4019555700200;;B;6;16.06.2025;01.01.2027;1
4019555705496;;X;1;20.10.2025;01.01.2027;1
4019736000754;;S;5;28.08.2025;01.05.2028;1
4019736004134;;S;5;28.08.2025;01.03.2027;1
4019736005544;;T;5;20.10.2025;21.05.2028;1
4019736008859;;R;2;28.07.2025;01.05.2027;1
4019736008910;;U;5;13.10.2025;21.08.2027;1
4025089073765;;H;3;10.03.2025;01.02.2027;1
4025089081289;;M;3;14.07.2025;01.05.2027;1
4025089086178;;Y;3;26.05.2025;01.12.2026;1
4027521311701;;E;7;14.06.2024;15.01.2029;1
4030917056704;;O;3;15.09.2025;01.03.2027;1
4030917056902;;A;5;15.09.2025;01.02.2027;2
4030917057305;;M;4;19.05.2025;01.09.2026;1
4030917057701;;K;1;12.05.2025;01.09.2026;1
4030917057909;;L;1;19.05.2025;01.09.2026;1
4035129013309;;M;3;17.03.2025;01.08.2026;1
4038375025003;;G;4;07.07.2025;01.02.2026;1
4044889001037;;U;6;26.05.2025;01.08.2026;1
4044889001075;;S;2;06.10.2025;01.12.2026;1
4044889002515;;T;1;13.10.2025;01.09.2026;3
4044889002522;;H;1;07.07.2025;01.12.2026;3
4044889004571;;U;6;07.07.2025;01.07.2026;1
4044889004595;;U;6;07.07.2025;01.07.2026;1
4044889004601;;Y;5;03.03.2025;01.09.2025;1
4044889004625;;U;6;07.07.2025;01.05.2026;1
4044889004786;;M;2;28.07.2025;01.03.2026;3
4044889004816;;A;3;16.12.2024;01.09.2025;1
4044889004861;;E;1;28.08.2025;01.09.2026;2
4044889004861;;W;2;15.09.2025;01.09.2026;1
4044889005134;;W;1;29.09.2025;01.09.2026;1
4044889012255;;L;1;14.06.2024;01.10.2025;1
4048885051430;;W;1;28.07.2025;01.07.2026;1
4048885051447;;C;2;23.06.2025;01.07.2026;2
4048885051492;;C;2;23.06.2025;01.07.2026;2
4055297220088;;C;6;13.10.2025;01.10.2027;1
4055297220804;;U;5;27.10.2025;01.01.2027;1
4055297220866;;C;6;13.10.2025;01.05.2027;1
4055297221283;;B;7;13.10.2025;01.12.2028;1
4055297221580;;C;2;13.10.2025;01.01.2028;1
4106060044759;;H;3;10.03.2025;01.07.2026;1
4106060047675;;M;1;10.03.2025;01.09.2026;1
4106060076026;;O;5;15.07.2024;03.05.2027;1
42099901;;B;4;13.10.2025;31.03.2026;3
4260058843479;;I;4;03.03.2025;01.10.2025;1
4260058843479;;B;5;03.03.2025;01.10.2025;1
4260183213130;;Y;4;08.09.2025;18.01.2027;2
4260183213529;;N;1;10.03.2025;01.01.2026;1
4260183213529;;O;1;09.06.2025;01.04.2026;1
4260237451129;;M;3;22.03.2025;01.09.2025;1
4260237451129;;N;5;07.04.2025;01.09.2025;1
4260237453581;;A;2;22.04.2025;01.02.2026;1
4260249140035;;L;4;10.02.2025;01.11.2025;1
4260249140035;;C;3;17.02.2025;01.11.2025;2
4260249140288;;G;4;20.10.2025;04.02.2026;1
4260249140530;;X;4;20.10.2025;28.08.2026;1
4260249143647;;B;3;09.06.2025;01.10.2025;1
4260249143647;;A;3;09.06.2025;01.01.2026;1
4260311980408;;H;4;24.02.2025;01.10.2025;1
4260311983232;;P;5;07.01.2025;01.10.2025;1
4260311983256;;P;5;07.01.2025;01.10.2025;1
4260311983522;;W;5;09.09.2024;01.09.2025;1
4260311983973;;Y;2;22.09.2025;14.04.2026;2
4260311984673;;W;4;30.04.2025;01.02.2026;2
4260311984673;;U;4;28.08.2025;01.02.2026;2
4260311984758;;Y;3;21.07.2025;01.06.2026;7
4260311985311;;B;4;08.09.2025;06.03.2026;2
4260595857984;;E;1;04.08.2025;01.01.2029;1
4260618520161;;H;1;03.03.2025;01.11.2025;2
4260618525531;;E;1;27.10.2025;20.07.2025;2
4260618528600;;Y;5;21.07.2025;01.05.2026;1
4262367681322;;G;5;20.10.2025;26.11.2025;6
4262367681865;;X;4;07.01.2025;01.10.2025;1
4262367681865;;W;5;20.01.2025;01.10.2025;3
4262367681865;;C;1;10.02.2025;01.10.2025;2
4262367681865;;Y;5;21.07.2025;01.12.2025;3
4262367681865;;Y;5;21.07.2025;01.12.2025;3
4262397070004;;X;2;13.10.2025;18.04.2026;2
4262397070103;;Y;5;15.09.2025;05.11.2025;2
4262448378233;;E;5;01.09.2025;01.01.2029;1
4270000598210;;X;2;13.10.2025;06.03.2026;1
4316734069043;;K;2;10.03.2025;01.10.2026;2
4316734094946;;W;1;20.10.2025;28.10.2026;2
4316734763651;;H;2;31.03.2025;01.11.2026;2
4316734763668;;K;1;22.09.2025;24.11.2026;2
4743318101286;;B;5;13.10.2025;01.01.2028;1
4744183013490;;U;6;27.10.2025;01.01.2028;1
4744481012027;;R;3;13.10.2025;09.05.2026;1
4751022365764;;J;1;27.10.2025;20.11.2026;1
4751022365801;;U;4;22.09.2025;09.12.2026;2
4770395222047;;O;7;13.10.2025;10.06.2026;7
4779030680075;;F;6;04.08.2025;01.01.2027;2
4779039731143;;R;3;31.03.2025;01.06.2026;1
4779039732249;;R;2;31.03.2025;01.05.2026;1
4779048080515;;M;5;29.09.2025;24.12.2026;1
4779048080799;;B;6;14.06.2024;01.01.2026;1
4792022090003;;B;4;13.10.2025;26.10.2026;2
4820058210413;;U;5;04.08.2025;01.01.2027;1
4820148056785;;Y;2;07.01.2025;01.09.2025;1
4820219347491;;H;2;13.10.2025;13.04.2026;5
4820262540672;;T;2;20.10.2025;13.04.2026;1
4850001113591;;S;3;27.10.2025;13.03.2027;2
4860019002817;;I;2;26.05.2025;01.01.2027;1
4891635809108;;F;2;14.06.2024;20.01.2029;1
4902506072641;;E;8;14.06.2024;23.01.2029;1
5013665117674;;U;2;06.10.2025;01.04.2027;1
5021991938757;;A;2;28.08.2025;01.04.2027;1
5021991941658;;O;5;20.10.2025;14.07.2027;1
5021991941726;;B;6;27.10.2025;25.09.2027;1
5021991941740;;A;3;23.06.2025;01.03.2027;1
5021991944949;;A;2;07.01.2025;01.11.2026;1
5022496016858;;U;3;31.03.2025;01.01.2026;1
5022496016971;;B;5;13.10.2025;01.10.2027;1
5022496192507;;S;3;22.09.2025;01.08.2026;1
5060691230037;;P;3;20.10.2025;25.10.2026;2
5060691233526;;T;1;13.10.2025;08.06.2027;1
5060691236329;;Y;1;06.10.2025;01.09.2027;2
5200118472668;;X;1;06.06.2025;01.03.2026;1
5400164130066;;A;7;27.10.2025;29.08.2027;1
5400164142199;;Y;3;26.05.2025;01.07.2026;1
5400164154093;;G;4;07.07.2025;01.10.2025;1
5400164241496;;J;1;07.04.2025;01.11.2025;2
5400164241496;;X;5;18.04.2025;01.11.2025;1
5411788046503;;E;1;27.10.2025;01.04.2027;1
5412360001750;;x;4;14.06.2024;01.10.2027;1
5412360015252;;N;1;09.12.2024;01.01.2026;1
5412360023097;;B;1;14.06.2024;01.01.2028;1
5425038430073;;B;4;27.10.2025;02.08.2026;1
5425038430400;;J;1;22.09.2025;09.07.2026;1
5425038430424;;M;3;20.10.2025;18.06.2026;1
5425038430455;;T;4;20.10.2025;12.07.2026;1
5425038430455;;F;4;20.10.2025;12.07.2026;1
5601159206883;;U;2;28.07.2025;01.12.2029;2
5601159206890;;N;4;04.08.2025;01.11.2028;1
5701058013091;;T;1;13.01.2025;01.03.2026;1
5701410410872;;H;3;06.09.2024;01.12.2027;1
5701410419479;;O;4;04.08.2025;01.01.2029;3
5765228835906;;A;1;23.12.2024;01.09.2026;1
5765228839300;;A;3;13.10.2025;01.01.2028;1
5900028007768;;J;5;15.09.2025;09.06.2026;1
5900038001022;;F;2;27.10.2025;01.09.2026;1
5900038001046;;N;4;19.05.2025;01.04.2026;2
5900038001916;;R;3;13.10.2025;01.06.2026;10
5900038001923;;B;5;06.10.2025;01.06.2026;18
5900038001930;;S;1;20.10.2025;01.07.2026;18
5900038001947;;J;3;15.09.2025;01.06.2026;15
5900038001954;;T;3;29.09.2025;01.06.2026;17
5900038001961;;N;3;09.06.2025;01.04.2026;2
5900038001978;;I;1;28.07.2025;01.05.2026;15
5900038001985;;W;5;21.07.2025;01.05.2026;5
5900038001985;;M;2;08.09.2025;01.05.2026;2
5900038002197;;P;1;14.07.2025;01.05.2026;6
5900038002203;;F;1;13.10.2025;01.08.2026;19
5900038002333;;B;1;06.10.2025;01.06.2026;6
5900038002371;;H;2;04.08.2025;01.12.2026;3
5900038002395;;N;4;08.09.2025;01.05.2026;7
5900038002395;;Y;4;15.09.2025;01.05.2026;5
5900038002401;;W;1;20.10.2025;01.06.2027;1
5900038002432;;F;6;14.08.2025;01.01.2027;4
5900038003033;;L;5;27.10.2025;07.12.2026;7
5900038003071;;B;6;15.09.2025;10.10.2026;2
5900038003071;;C;6;15.09.2025;10.10.2026;1
5900038003491;;Y;6;02.06.2025;01.05.2026;4
5900038003507;;Y;2;30.06.2025;01.07.2026;3
5900038003514;;N;4;30.04.2025;01.06.2026;1
5900038003545;;L;5;27.10.2025;01.08.2026;3
5900038003682;;M;2;28.07.2025;01.07.2026;2
5900038003699;;B;4;08.09.2025;21.06.2026;4
5900038003699;;L;5;27.10.2025;21.06.2026;1
5900038003736;;Y;3;15.09.2025;01.06.2026;5
5900038003743;;B;3;06.10.2025;01.06.2026;5
5900238562354;;J;6;01.09.2025;02.07.2026;2
5900238562378;;J;6;01.09.2025;04.07.2026;2
5900238562682;;J;4;27.10.2025;19.05.2026;2
5900238562866;;B;7;13.10.2025;04.09.2026;3
5900354039679;;C;1;16.06.2025;01.04.2026;1
5900354039822;;O;5;14.07.2025;01.02.2026;1
5900652816453;;T;4;20.10.2025;15.02.2026;1
5900672305371;;W;1;15.09.2025;03.08.2026;1
5900672308006;;M;5;29.09.2025;01.01.2027;1
5900779395626;;P;6;22.09.2025;01.01.2026;1
5900900003574;;I;5;14.06.2024;01.03.2026;1
5901122274032;;N;4;15.09.2025;01.01.2029;6
5901130001705;;D;2;14.06.2024;26.01.2029;1
5901299954188;;D;5;22.03.2025;22.04.2025;1
5901389562729;;D;3;14.06.2024;28.01.2029;4
5901389564587;;E;8;14.06.2024;29.01.2029;1
5901466229729;;D;5;14.06.2024;30.01.2029;1
5901498057352;;D;3;14.06.2024;31.01.2029;1
5901503652534;;E;3;14.06.2024;02.02.2029;4
5901549275377;;T;2;27.01.2025;01.03.2026;1
5901549275742;;G;3;17.03.2025;01.07.2026;1
5901583295836;;D;5;22.03.2025;23.04.2025;1
5901597385127;;R;1;22.04.2025;01.12.2025;1
5901597385462;;Y;3;23.06.2025;01.12.2025;1
5901597385462;;R;4;23.06.2025;01.12.2025;6
5901597385479;;O;2;19.05.2025;01.01.2026;12
5901597385738;;N;4;15.09.2025;01.06.2026;21
5901597385745;;T;5;21.07.2025;01.06.2026;6
5901641001386;;I;2;26.05.2025;01.01.2027;1
5901641001461;;N;5;17.03.2025;01.12.2026;1
5901641005919;;P;4;22.09.2025;01.09.2026;1
5901680000111;;J;4;27.10.2025;26.02.2026;2
5901716993691;;Y;4;14.06.2024;01.08.2026;3
5901749013618;;O;3;15.09.2025;11.03.2026;2
5901785341300;;C;3;16.12.2024;01.11.2025;1
5901866000218;;M;4;02.09.2024;18.03.2027;1
5901866005893;;A;1;27.10.2025;17.03.2027;2
5901902002022;;X;3;20.10.2025;01.09.2028;2
5901902002060;;K;2;22.09.2025;01.04.2028;2
5901902002091;;S;4;29.09.2025;17.07.2028;1
5901902002091;;A;7;29.09.2025;17.07.2028;2
5901902002169;;T;1;31.03.2025;01.01.2028;1
5901902002435;;E;1;27.10.2025;01.05.2028;1
5901902002480;;A;4;13.10.2025;01.02.2028;1
5901902002480;;B;2;20.10.2025;01.02.2028;2
5901902002558;;F;3;20.10.2025;01.02.2028;1
5901902004538;;U;5;06.10.2025;01.05.2028;2
5901902004569;;A;1;02.06.2025;01.09.2027;1
5901902004583;;S;4;08.09.2025;17.06.2028;1
5901902004750;;U;5;08.09.2025;22.04.2028;1
5901902008505;;A;2;11.08.2025;01.04.2028;1
5901902008659;;A;3;20.10.2025;01.07.2028;2
5902003713725;;L;5;27.10.2025;07.04.2026;1
5902020901990;;S;3;14.08.2025;16.09.2027;1
5902101521802;;S;3;22.09.2025;01.06.2027;1
5902150665847;;E;2;14.06.2024;05.02.2029;1
5902175860197;;B;2;01.09.2025;30.06.2026;1
5902175861446;;W;2;28.08.2025;01.05.2026;1
5902175866069;;W;1;29.09.2025;31.12.2027;2
5902175866090;;G;4;06.10.2025;31.12.2027;1
5902175866106;;H;4;14.07.2025;01.12.2027;1
5902175869831;;U;1;20.10.2025;31.08.2026;2
5902175869985;;T;2;13.10.2025;28.02.2026;3
5902367400422;;N;2;27.10.2025;01.12.2026;4
5902367401726;;W;4;15.09.2025;05.05.2026;5
5902367401825;;B;1;06.10.2025;17.06.2026;5
5902367401979;;W;1;20.10.2025;28.03.2026;2
5902367402112;;N;3;27.10.2025;30.04.2029;5
5902367402129;;J;1;10.02.2025;01.09.2027;3
5902367402464;;X;2;06.10.2025;17.04.2026;5
5902367403409;;U;3;06.10.2025;30.06.2026;4
5902367403706;;X;5;30.06.2025;01.01.2026;2
5902367403805;;H;3;29.09.2025;01.07.2026;3
5902367403829;;F;5;29.09.2025;01.07.2026;3
5902367404390;;H;1;27.10.2025;31.05.2026;5
5902367404826;;O;5;14.07.2025;01.02.2027;1
5902367404826;;R;2;28.07.2025;01.02.2027;2
5902367404864;;S;4;20.10.2025;23.06.2026;3
5902367405038;;I;3;13.10.2025;04.09.2026;5
5902367405076;;N;3;13.10.2025;18.04.2026;3
5902367405274;;O;4;29.09.2025;21.08.2027;4
5902367405311;;B;7;13.10.2025;09.09.2027;4
5902367405311;;G;4;20.10.2025;09.09.2027;1
5902367405519;;X;1;20.10.2025;01.03.2027;3
5902367405533;;S;5;13.10.2025;01.01.2027;1
5902367405854;;X;3;20.10.2025;03.07.2027;4
5902367406073;;F;5;20.10.2025;01.04.2027;2
5902367406110;;L;2;07.07.2025;01.11.2026;4
5902367406233;;T;1;13.10.2025;01.09.2026;10
5902367406257;;W;5;13.10.2025;01.04.2026;30
5902367406257;;G;5;20.10.2025;01.04.2026;2
5902367407476;;Y;2;28.08.2025;01.11.2023;2
5902367407513;;E;7;28.08.2025;01.01.2026;1
5902367407537;;E;6;14.08.2025;30.01.2026;6
5902367407544;;A;1;27.10.2025;30.04.2026;2
5902367407551;;E;7;13.10.2025;30.04.2026;4
5902367407612;;N;5;14.07.2025;01.11.2025;3
5902367407834;;O;4;20.10.2025;30.04.2026;4
5902367407841;;E;6;14.07.2025;01.01.2026;6
5902367407858;;E;5;13.10.2025;30.03.2026;3
5902367407865;;E;7;22.09.2025;30.03.2026;5
5902367408701;;Y;4;02.06.2025;01.04.2027;1
5902367408909;;I;1;08.09.2025;30.06.2026;7
5902367408923;;I;2;28.08.2025;01.10.2026;4
5902367408961;;P;3;13.10.2025;30.06.2026;5
5902367408985;;P;6;13.10.2025;30.11.2026;1
5902367409067;;P;2;20.10.2025;01.08.2027;1
5902367409203;;A;3;08.09.2025;07.07.2027;2
5902367409241;;N;5;27.10.2025;27.07.2027;2
5902367410001;;H;4;04.08.2025;01.10.2026;35
5902425050286;;U;6;28.07.2025;01.05.2027;4
5902425050293;;A;3;22.04.2025;01.01.2027;1
5902425050934;;Y;3;13.10.2025;15.10.2026;1
5902425050958;;Y;3;23.06.2025;01.05.2026;1
5902425051009;;N;2;22.09.2025;30.11.2026;1
5902425051030;;P;2;14.04.2025;01.12.2025;1
5902425051047;;U;2;27.10.2025;30.09.2026;4
5902425051078;;C;3;07.07.2025;01.11.2026;1
5902425051146;;P;3;20.10.2025;15.10.2026;1
5902425055687;;F;1;15.09.2025;30.04.2027;2
5902425055694;;K;4;15.09.2025;08.02.2026;1
5902425055861;;X;2;29.09.2025;31.07.2026;1
5902425055878;;N;3;29.09.2025;31.07.2026;2
5902425055892;;O;3;29.09.2025;24.11.2026;2
5902425055892;;T;2;06.10.2025;24.11.2026;1
5902425055915;;S;5;11.08.2025;01.05.2026;2
5902425055946;;K;4;06.10.2025;30.12.2026;1
5902425055991;;P;6;13.10.2025;24.04.2026;2
5902425056073;;P;5;15.09.2025;30.06.2026;4
5902425056080;;H;4;29.09.2025;03.07.2026;1
5902425514726;;C;3;12.05.2025;01.06.2026;1
5902431592077;;F;6;20.10.2025;05.01.2026;1
5902431592220;;J;1;27.10.2025;28.01.2026;2
5902431593722;;H;5;29.09.2025;14.01.2026;1
5902448162737;;A;1;14.08.2025;01.08.2026;1
5902448165097;;Y;2;14.04.2025;01.08.2026;1
5902448169279;;K;2;20.10.2025;09.07.2026;1
5902448169293;;I;3;09.06.2025;01.07.2026;1
5902448289403;;B;4;13.10.2025;01.03.2028;1
5902479610313;;K;4;14.07.2025;01.03.2027;1
5902488060024;;F;3;04.08.2025;01.04.2026;1
5902488064466;;A;2;30.06.2025;01.11.2027;1
5902488066101;;G;4;28.08.2025;01.05.2026;3
5902488066125;;R;3;29.09.2025;19.08.2026;3
5902488066125;;A;7;29.09.2025;19.08.2026;2
5902488066125;;R;2;20.10.2025;18.09.2026;4
5902488067405;;S;4;13.10.2025;31.12.2027;2
5902488069027;;X;3;01.09.2025;30.06.2026;1
5902537541665;;Y;2;28.07.2025;01.11.2025;1
5902537542693;;N;4;14.04.2025;01.08.2026;1
5902560390643;;K;4;31.03.2025;01.01.2026;1
5902560390643;;B;1;07.04.2025;01.01.2026;1
5902560392173;;N;1;03.02.2025;01.10.2025;3
5902565215057;;C;5;27.10.2025;20.03.2026;1
5902565216290;;F;5;22.04.2025;01.02.2026;1
5902565216610;;J;5;20.10.2025;25.07.2026;3
5902565216849;;S;5;27.10.2025;08.09.2026;1
5902565216979;;I;5;29.09.2025;01.05.2026;2
5902581101266;;E;5;14.06.2024;09.02.2029;2
5902581617095;;C;5;15.09.2025;02.08.2027;1
5902581617781;;A;5;03.03.2025;01.12.2026;2
5902596076467;;A;2;13.10.2025;29.09.2027;1
5902596076535;;K;3;22.03.2025;01.08.2026;1
5902596171780;;B;1;21.07.2025;01.02.2026;1
5902596171780;;B;4;21.07.2025;01.02.2026;1
5902596496555;;F;3;26.05.2025;01.03.2027;1
5902605415362;;M;4;16.12.2024;01.11.2026;1
5902605416468;;W;2;06.10.2025;30.06.2026;1
5902609000762;;F;2;27.10.2025;01.09.2026;1
5902609000762;;B;4;27.10.2025;01.09.2026;2
5902609001042;;P;4;16.12.2024;01.10.2025;1
5902609001059;;I;2;13.01.2025;01.10.2025;5
5902609001400;;N;1;27.10.2025;01.07.2026;3
5902609001516;;T;2;21.10.2024;01.09.2025;2
5902609001516;;J;4;29.11.2024;01.10.2025;9
5902609001622;;U;1;24.02.2025;01.11.2025;8
5902650272354;;K;4;15.09.2025;15.07.2026;1
5902650273825;;A;1;30.06.2025;01.07.2026;1
5902650275607;;M;2;14.07.2025;01.02.2028;2
5902650275607;;M;1;11.08.2025;01.02.2026;11
5902650275607;;R;3;11.08.2025;01.02.2026;11
5902650275621;;F;7;04.08.2025;01.12.2026;11
5902650275621;;N;1;28.08.2025;01.12.2026;11
5902650275621;;Y;3;15.09.2025;01.12.2026;10
5902650275621;;H;2;13.10.2025;01.12.2026;8
5902650276178;;A;6;04.11.2024;01.12.2026;1
5902650278110;;U;2;14.08.2025;23.04.2026;1
5902650278257;;O;4;21.07.2025;01.04.2026;1
5902687150236;;X;2;01.09.2025;01.09.2027;1
5902693122609;;K;4;22.03.2025;01.01.2026;1
5902706731897;;W;3;16.06.2025;01.04.2028;1
5902741000125;;Y;4;18.04.2025;01.03.2026;1
5902741000323;;P;4;13.10.2025;03.04.2027;3
5902741000392;;S;3;28.08.2025;01.05.2027;1
5902741002280;;B;4;06.10.2025;05.05.2027;1
5902741003614;;S;5;03.03.2025;01.10.2026;1
5902741003898;;F;2;31.03.2025;01.03.2026;3
5902741004475;;O;1;02.09.2024;05.01.2026;2
5902741006035;;A;5;11.08.2025;01.03.2027;1
5902741007131;;B;7;13.10.2025;01.07.2027;2
5902741007155;;K;5;04.08.2025;01.06.2027;1
5902741007179;;U;5;08.09.2025;03.03.2027;1
5902741007179;;B;5;29.09.2025;02.06.2027;2
5902741007209;;C;5;15.09.2025;02.08.2027;1
5902741007261;;I;5;22.09.2025;02.08.2027;1
5902741008503;;S;5;29.09.2025;31.07.2026;1
5902741008527;;M;3;11.08.2025;01.06.2026;2
5902741008534;;F;6;20.10.2025;02.09.2027;1
5902741009777;;G;3;15.09.2025;31.01.2026;2
5902768064537;;N;2;20.10.2025;09.07.2026;1
5902768514643;;K;3;09.06.2025;01.12.2025;6
5902768527087;;A;4;06.10.2025;02.08.2027;1
5902768527254;;N;2;30.04.2025;01.01.2026;2
5902768527292;;R;2;14.06.2024;01.12.2030;1
5902768527421;;A;5;11.08.2025;01.04.2027;3
5902768527469;;X;4;28.10.2024;01.05.2026;1
5902768527483;;M;2;02.06.2025;01.12.2026;1
5902768527513;;Y;1;02.06.2025;01.04.2027;4
5902768527520;;C;4;10.02.2025;01.10.2026;3
5902768527872;;E;1;27.10.2025;04.09.2027;1
5902768527957;;B;4;06.10.2025;04.05.2027;1
5902768527988;;P;6;20.10.2025;02.08.2027;2
5902768762013;;A;1;26.05.2025;01.03.2026;3
5902802721501;;T;1;23.12.2024;01.01.2027;1
5902811239868;;J;5;05.05.2025;01.04.2026;1
5902811788519;;A;7;24.02.2025;01.11.2027;2
5902811788526;;X;5;10.03.2025;01.08.2027;2
5902811788564;;R;1;21.10.2024;01.09.2027;1
5902811789288;;B;6;14.06.2024;01.10.2027;1
5902811789523;;L;2;30.12.2024;01.10.2027;1
5902837811420;;A;4;04.08.2025;01.01.2026;1
5902837811932;;N;3;04.08.2025;01.09.2026;3
5902837811932;;B;6;04.08.2025;01.09.2026;2
5902837812489;;T;2;20.10.2025;31.12.2026;1
5902837812588;;T;3;04.08.2025;01.08.2026;1
5902837813066;;P;3;22.09.2025;31.01.2027;1
5902860472056;;B;3;20.01.2025;01.11.2025;1
5902921986416;;D;3;14.06.2024;10.02.2029;8
5902973150766;;E;1;14.06.2024;12.02.2029;1
5902973170924;;E;2;14.06.2024;13.02.2029;8
5902983781004;;E;9;13.10.2025;31.12.2027;5
5902983781424;;B;5;06.10.2025;30.11.2029;5
5902983781431;;T;2;28.08.2025;01.12.2027;1
5902983781448;;B;5;06.10.2025;17.01.2029;4
5902983781455;;U;4;27.08.2024;26.03.2026;2
5902983781530;;B;7;07.07.2025;01.01.2027;1
5902983781608;;K;1;27.10.2025;01.09.2027;1
5902983782568;;M;4;04.08.2025;01.02.2026;4
5902983782575;;O;3;02.06.2025;01.11.2025;1
5902983782605;;A;1;06.10.2025;26.02.2026;1
5902983782704;;J;2;13.10.2025;31.01.2027;3
5902983782797;;A;6;13.10.2025;05.05.2027;1
5902983783015;;S;1;28.08.2025;01.07.2026;2
5902983784265;;X;1;20.10.2025;19.09.2028;1
5902983784289;;G;4;06.10.2025;15.09.2028;1
5902983785606;;W;1;21.07.2025;01.12.2026;2
5902983785644;;N;2;27.10.2025;30.09.2027;1
5902983785651;;R;1;27.10.2025;26.06.2026;1
5902983785682;;S;4;31.03.2025;01.02.2026;1
5902983785750;;T;4;20.10.2025;31.01.2028;1
5902983785767;;H;5;04.08.2025;01.10.2026;1
5902983785767;;S;5;27.10.2025;07.04.2027;1
5902983786825;;I;4;12.05.2025;01.05.2026;1
5902983787846;;I;1;13.10.2025;06.03.2027;1
5902983787907;;F;1;15.09.2025;31.08.2027;1
5903111093006;;T;5;22.09.2025;01.12.2027;5
5903111899004;;A;4;09.12.2024;01.05.2026;1
5903111899059;;B;5;03.03.2025;01.07.2026;1
5903111903091;;K;4;15.09.2025;01.08.2026;1
5903111903701;;A;4;24.03.2025;01.07.2026;2
5903162070193;;E;6;14.06.2024;15.02.2029;1
5903205740250;;A;3;27.10.2025;31.07.2027;1
5903228160158;;S;5;27.10.2025;25.09.2026;1
5903240053025;;I;3;20.10.2025;01.01.2029;4
5903246574043;;T;4;22.09.2025;14.04.2026;1
5903246860986;;X;1;28.08.2025;01.04.2027;1
5903246861099;;N;5;17.03.2025;01.04.2026;1
5903246861112;;R;5;26.05.2025;01.03.2027;3
5903246861136;;S;2;12.11.2024;01.12.2025;2
5903246861181;;J;2;30.12.2024;01.06.2026;3
5903246861594;;J;2;27.10.2025;01.09.2027;12
5903246861631;;a;2;19.08.2024;04.05.2026;1
5903246864458;;W;1;15.09.2025;31.03.2026;1
5903246865721;;C;1;23.06.2025;01.05.2026;5
5903246866667;;T;3;24.02.2025;01.10.2026;2
5903246866698;;R;2;25.11.2024;01.01.2027;2
5903246866742;;A;1;13.01.2025;01.10.2026;2
5903246869750;;N;2;20.10.2025;03.08.2027;1
5903273510694;;D;3;14.06.2024;18.02.2029;1
5903453002902;;A;7;27.10.2025;01.05.2026;2
5903453003053;;I;1;07.04.2025;01.11.2025;1
5903453004159;;N;1;06.10.2025;01.02.2026;2
5903453004173;;Y;2;27.10.2025;01.05.2026;2
5903453005422;;O;2;06.10.2025;01.08.2026;4
5903453007822;;X;4;20.10.2025;01.07.2026;3
5903548001964;;F;4;11.08.2025;01.04.2026;1
5903548001971;;F;4;11.08.2025;01.05.2026;1
5903548001988;;B;5;13.10.2025;15.09.2026;1
5903548001988;;C;7;13.10.2025;26.05.2026;5
5903548002350;;S;3;27.10.2025;09.10.2026;1
5903548002374;;H;2;16.12.2024;01.10.2025;1
5903624640681;;H;3;14.06.2024;01.04.2026;1
5903636627380;;J;2;16.12.2024;01.01.2026;1
5903686300516;;D;3;14.06.2024;21.02.2029;1
5903686320682;;E;8;14.06.2024;03.03.2029;1
5903794180161;;K;3;13.01.2025;01.01.2027;1
5903794180208;;J;2;22.09.2025;01.01.2029;2
5903794180222;;J;2;22.09.2025;01.01.2029;2
5903794180246;;U;2;09.06.2025;01.01.2027;2
5903794180284;;W;3;27.01.2025;01.01.2027;1
5903794180307;;U;4;09.06.2025;01.01.2029;1
5903794180475;;P;4;22.09.2025;01.01.2029;1
5903794183728;;A;1;21.10.2024;01.01.2026;1
5903794183964;;A;6;09.12.2024;01.01.2027;1
5903794183971;;J;2;22.09.2025;01.01.2029;1
5903794183995;;J;5;13.10.2025;01.01.2028;2
5903794185845;;R;5;02.06.2025;01.01.2029;1
5903794185883;;Y;5;12.05.2025;01.01.2027;1
5903794189294;;R;3;19.05.2025;01.01.2028;2
5903794189300;;A;3;16.12.2024;01.01.2026;1
5903853400049;;U;3;20.10.2025;31.12.2025;2
5903858990200;;Y;1;13.10.2025;14.03.2026;3
5903864780017;;P;3;20.10.2025;24.05.2026;2
5903864780024;;J;4;22.09.2025;07.07.2026;2
5903864780031;;H;2;09.06.2025;01.07.2026;1
5903864780031;;A;4;22.09.2025;07.07.2026;2
5903864780475;;B;2;06.10.2025;27.05.2026;1
5903900362009;;G;2;15.09.2025;16.12.2025;6
5903900362016;;S;4;13.10.2025;26.03.2029;10
5903900362047;;R;5;12.05.2025;01.09.2025;1
5903900365079;;P;1;13.10.2025;31.07.2026;3
5903900365765;;P;4;20.10.2025;21.03.2027;3
5903900366144;;U;3;29.09.2025;01.07.2026;1
5903900367547;;E;2;20.03.2025;01.01.2030;4
5903900368032;;F;5;20.10.2025;01.06.2028;1
590390094110;;G;5;22.04.2025;01.02.2027;1
5903900941327;;B;5;17.03.2025;01.07.2026;1
5903933643809;;H;4;17.02.2025;22.10.2025;4
5903933644387;;S;4;25.11.2024;01.10.2025;4
5903933644929;;S;4;29.09.2025;30.09.2026;1
5903933645223;;U;3;20.10.2025;01.09.2026;5
5903933645254;;C;4;12.05.2025;01.11.2025;1
5903949410518;;U;5;14.06.2024;01.11.2025;2
5903949410563;;A;5;03.03.2025;01.06.2026;1
5903968202422;;G;3;26.05.2025;01.03.2027;1
5904183437958;;N;1;06.10.2025;01.11.2027;3
5904209843060;;A;1;30.06.2025;01.09.2027;1
5904287061103;;E;8;14.06.2024;12.03.2029;2
5904287305030;;E;8;14.06.2024;13.03.2029;1
5904384683048;;B;4;03.03.2025;01.09.2026;1
5904473771748;;I;2;14.06.2024;01.11.2025;1
5904501637022;;D;3;14.06.2024;16.03.2029;1
5904517001114;;F;2;14.06.2024;01.05.2026;4
5904517024434;;D;5;22.03.2025;01.06.2025;1
5904538030087;;K;5;15.09.2025;18.10.2025;1
5904538030742;;O;5;20.10.2025;01.08.2026;4
5904538030742;;J;5;20.10.2025;01.08.2028;2
5904538030766;;Y;5;22.09.2025;01.08.2026;3
5904644001018;;G;2;24.03.2025;01.07.2026;2
5904703901051;;I;3;14.08.2025;29.08.2026;3
5904703901099;;T;2;03.02.2025;01.02.2026;3
5904703901112;;F;3;20.01.2025;01.09.2026;1
5904720070396;;D;1;14.06.2024;17.03.2029;1
5904730012317;;H;7;24.09.2025;01.01.2026;7
5904730012669;;G;2;13.10.2025;25.02.2026;1
5904730218207;;Y;3;22.09.2025;20.09.2026;3
5904730218894;;P;2;20.10.2025;23.11.2026;1
5904730393027;;P;9;27.10.2025;21.07.2026;3
5904917483824;;B;6;27.10.2025;04.05.2028;1
5904917483831;;I;5;29.09.2025;04.05.2027;1
5905043004334;;C;2;28.08.2025;01.05.2029;1
5905265582382;;X;1;29.09.2025;30.09.2025;1
5905265582443;;C;6;11.08.2025;01.10.2025;1
5905265582986;;K;5;15.09.2025;01.03.2026;1
5905279294547;;I;5;08.09.2025;10.11.2025;42
5905279294547;;D;4;15.09.2025;10.11.2025;294
5905279300064;;A;4;24.03.2025;01.07.2027;1
5905279630000;;K;5;15.09.2025;02.06.2026;1
5905279630147;;K;3;06.10.2025;04.06.2026;4
5905279630253;;N;2;20.10.2025;15.06.2026;4
5905279630277;;K;4;06.10.2025;15.06.2026;3
5905279630284;;K;3;06.10.2025;05.06.2026;4
5905279799615;;Y;4;27.10.2025;01.09.2027;1
5905317625005;;N;2;30.04.2025;01.10.2027;4
5905533000013;;R;5;22.09.2025;01.01.2029;1
5905548949055;;E;3;14.06.2024;19.03.2029;1
5905548961842;;E;3;14.06.2024;20.03.2029;1
5905562028705;;K;5;13.01.2025;01.06.2026;1
5905562028965;;Y;4;20.01.2025;01.02.2027;1
5905562028972;;K;5;15.09.2025;01.02.2027;1
5905644489158;;X;5;31.03.2025;01.12.2025;2
5905644489202;;C;2;28.10.2024;01.09.2025;1
5905644489431;;X;4;30.12.2024;01.12.2025;3
5905669174831;;U;2;27.10.2025;17.10.2026;1
5905669640138;;B;1;19.05.2025;01.09.2027;1
5905679882078;;W;4;28.08.2025;01.01.2026;1
5905679882337;;M;3;29.09.2025;01.06.2026;1
5905679882375;;Y;1;15.09.2025;01.02.2026;1
5905679882375;;S;2;22.09.2025;01.02.2026;1
5905689312695;;U;4;06.10.2025;06.05.2026;3
5905829002912;;W;2;02.06.2025;01.08.2026;1
5905933487766;;G;2;24.03.2025;01.11.2026;1
5905940370426;;U;2;16.06.2025;01.03.2026;1
5905940371867;;S;1;06.10.2025;21.02.2027;1
5905951196145;;Y;2;27.10.2025;01.06.2026;2
5905996906563;;I;4;11.08.2025;01.02.2026;1
5906067297917;;O;4;13.10.2025;01.04.2027;1
5906153203310;;A;4;24.03.2025;01.01.2026;1
5906153205925;;X;2;24.03.2025;01.01.2026;2
5906153206809;;X;4;03.03.2025;01.01.2026;4
5906153206809;;W;4;23.06.2025;01.01.2026;1
5906190685698;;E;6;14.06.2024;23.03.2029;1
5906204015497;;B;3;21.10.2024;01.07.2026;1
5906204022686;;S;3;30.07.2024;01.03.2026;1
5906205501357;;W;1;20.10.2025;25.02.2027;1
5906205501852;;Y;5;10.03.2025;01.06.2026;1
5906205501968;;M;3;30.07.2024;20.08.2025;3
5906293639017;;S;1;28.10.2024;01.09.2027;1
5906293639048;;W;4;09.09.2024;01.02.2027;1
5906293639376;;C;3;27.10.2025;01.02.2027;1
5906293639390;;X;4;30.07.2024;01.02.2027;1
5906293639413;;Y;5;15.07.2024;01.02.2027;1
5906293639420;;W;3;22.09.2025;01.01.2029;1
5906293639437;;B;4;07.01.2025;01.02.2027;1
5906293639482;;W;3;22.09.2025;01.01.2029;1
5906293639499;;R;3;22.09.2025;01.02.2027;1
5906293639611;;T;2;02.06.2025;01.02.2027;1
5906360110579;;E;5;14.06.2024;24.03.2029;1
5906395147168;;H;5;17.03.2025;01.06.2027;1
5906395147229;;W;2;10.02.2025;01.10.2025;1
5906395147243;;G;5;31.03.2025;01.12.2025;1
5906395147748;;C;6;07.07.2025;01.04.2026;1
5906395147748;;E;1;27.10.2025;05.10.2026;2
5906395726233;;C;2;30.04.2025;01.11.2025;1
5906489288074;;X;4;20.10.2025;15.09.2027;5
5906489288678;;X;3;27.01.2025;01.09.2026;1
5906660157120;;K;1;02.06.2025;01.03.2026;1
5906660437734;;X;1;06.10.2025;01.08.2027;2
5906660508540;;J;1;13.10.2025;19.06.2026;2
5906728420289;;R;1;14.07.2025;01.12.2025;1
5906732620408;;X;5;26.05.2025;01.06.2026;2
5906732620606;;B;6;10.03.2025;01.11.2026;1
5906732622815;;K;4;09.06.2025;01.11.2026;1
5906732622846;;U;1;08.09.2025;01.08.2026;2
5906732622853;;C;6;10.02.2025;01.10.2025;2
5906732623010;;C;2;13.10.2025;01.05.2027;1
5906732624109;;C;3;07.10.2024;01.06.2026;1
5906732624246;;W;1;15.09.2025;01.10.2026;1
5906732624260;;W;1;15.09.2025;01.09.2026;1
5906732624338;;U;2;06.10.2025;01.05.2027;1
5906732624413;;I;3;11.08.2025;01.09.2026;1
5906732624437;;A;1;15.09.2025;07.03.2026;2
5906732624482;;W;2;12.05.2025;01.03.2026;1
5906732624550;;A;3;22.04.2025;01.01.2027;1
5906732624598;;S;5;14.04.2025;01.10.2025;1
5906732624680;;W;3;07.04.2025;01.03.2026;1
5906732624697;;W;2;27.01.2025;01.11.2025;2
5906732624703;;G;5;26.05.2025;17.08.2025;1
5906732626004;;G;5;29.11.2024;01.12.2025;1
5906732626059;;W;2;09.06.2025;01.11.2026;1
5906732626066;;T;5;20.10.2025;01.04.2027;1
5906732627063;;B;4;27.10.2025;01.05.2026;1
5906750250908;;A;3;31.03.2025;01.10.2027;1
5906750251158;;C;6;28.08.2025;01.04.2028;5
5906750251516;;J;2;27.10.2025;18.09.2026;3
5906750251554;;U;5;07.10.2024;01.03.2027;1
5906750251615;;L;3;12.11.2024;01.01.2027;2
5906750251639;;O;4;27.01.2025;01.06.2027;1
5906750251646;;P;5;20.10.2025;09.09.2027;4
5906750251677;;R;4;10.02.2025;01.05.2027;2
5906750251981;;E;1;04.08.2025;01.12.2026;1
5906750252278;;U;3;20.10.2025;06.08.2026;5
5906750252360;;I;6;06.10.2025;08.07.2026;9
5906750252384;;C;6;28.07.2025;01.07.2026;1
5906750252490;;E;6;13.10.2025;25.03.2026;2
5906750252513;;E;5;13.10.2025;20.02.2026;4
5906750252537;;E;5;13.10.2025;10.04.2026;3
5906750252551;;E;7;13.10.2025;10.04.2026;5
5906750252629;;N;3;02.06.2025;01.01.2027;1
5906750252643;;U;6;06.10.2025;09.04.2026;2
5906750252674;;N;5;13.10.2025;06.08.2026;4
5906750252698;;L;1;27.10.2025;31.01.2027;4
5906750252704;;U;3;20.10.2025;30.06.2026;1
5906750259338;;P;5;12.11.2024;01.09.2025;1
5906750259338;;B;2;16.12.2024;01.09.2025;1
5906750259338;;U;3;13.01.2025;01.09.2025;1
5906849682122;;L;5;27.10.2025;01.01.2028;3
5906849682160;;A;4;13.10.2025;01.01.2028;3
5906849682283;;S;4;08.09.2025;01.02.2027;2
5906849682306;;S;4;08.09.2025;01.02.2027;1
5906849682337;;B;4;13.10.2025;01.02.2027;1
5906858014174;;E;4;14.06.2024;26.03.2029;1
5906858023138;;E;6;14.06.2024;27.03.2029;1
5906874505083;;M;3;29.09.2025;01.02.2027;1
5906881861493;;N;2;10.02.2025;01.03.2026;1
5906881861493;;K;2;22.03.2025;01.04.2026;1
5906910810331;;E;8;14.06.2024;28.03.2029;1
5906940001969;;I;4;15.09.2025;21.03.2028;1
5906961181060;;H;2;26.09.2024;01.10.2025;2
5906961181435;;I;2;13.10.2025;12.03.2027;1
5907078675046;;T;1;08.09.2025;01.05.2026;1
5907153600154;;S;5;29.09.2025;01.01.2029;1
5907182174022;;B;1;06.10.2025;29.12.2026;3
5907214005379;;E;5;14.06.2024;29.03.2029;1
5907214101040;;E;5;14.06.2024;30.03.2029;12
5907222061015;;Y;1;30.06.2025;01.12.2025;1
5907222061619;;J;2;22.03.2025;01.07.2026;1
5907367233537;;P;1;02.06.2025;01.08.2026;1
5907465664653;;E;6;14.06.2024;01.04.2029;1
5907465668439;;D;2;14.06.2024;02.04.2029;2
5907504101088;;D;5;22.03.2025;01.11.2024;10
5907504400129;;C;1;24.02.2025;01.01.2027;1
5907525348479;;N;3;14.06.2024;01.12.2030;1
5907530440526;;S;2;26.05.2025;01.08.2027;1
5907609421197;;S;3;29.09.2025;26.08.2026;2
5907609421272;;K;1;27.10.2025;01.10.2026;3
5907617339002;;B;5;07.04.2025;01.10.2031;2
5907620187959;;D;5;14.06.2024;07.04.2029;1
5907622656309;;G;4;20.10.2025;01.01.2028;1
5907636994886;;W;1;16.06.2025;01.10.2027;1
5907651240098;;F;7;28.08.2025;01.04.2026;7
5907651240425;;F;3;11.08.2025;01.06.2026;9
5907653101892;;J;3;27.10.2025;16.03.2026;1
5907653104114;;S;2;04.08.2025;01.11.2025;1
5907653106170;;W;2;20.10.2025;19.03.2026;1
5907653106453;;B;6;27.10.2025;06.04.2026;1
5907667874713;;O;5;22.09.2025;06.10.2025;1
5907690851675;;E;2;14.06.2024;09.04.2029;1
5907695620610;;S;5;31.03.2025;01.05.2026;1
5907709950672;;H;1;28.08.2025;01.02.2028;1
5907709951860;;B;5;31.03.2025;01.09.2026;1
5907709952027;;J;5;20.10.2025;31.10.2026;2
5907709952195;;L;1;20.10.2025;05.04.2028;1
5907709952799;;U;4;26.05.2025;01.11.2026;2
5907709954915;;Y;4;28.07.2025;01.11.2026;1
5907709956315;;Y;3;08.09.2025;04.01.2027;1
5907709957527;;P;4;23.09.2024;23.05.2026;1
5907709957718;;E;1;27.10.2025;01.04.2027;1
5907713374907;;L;3;20.10.2025;31.03.2027;2
5907722375360;;S;3;22.09.2025;26.04.2026;1
5907736737031;;K;4;06.10.2025;02.08.2026;1
5907736737499;;U;2;06.10.2025;24.08.2026;1
5907738150210;;P;4;20.10.2025;12.01.2026;2
590773815025;;P;3;22.04.2025;01.10.2025;2
5907738152740;;H;5;30.06.2025;01.02.2028;1
5907738152818;;I;3;15.09.2025;01.01.2029;3
5907738155819;;K;1;22.09.2025;30.06.2027;2
5907738156236;;O;2;29.09.2025;17.07.2026;3
5907738158162;;K;4;27.10.2025;01.07.2026;4
5907738158162;;L;1;27.10.2025;01.12.2026;19
5907738158179;;S;3;22.09.2025;01.09.2026;1
5907738158186;;A;1;15.09.2025;01.02.2027;10
5907738158186;;L;3;15.09.2025;01.02.2027;10
5907738158193;;K;4;22.09.2025;01.09.2026;12
5907738159268;;R;2;11.08.2025;01.11.2026;2
5907738159343;;J;3;17.02.2025;10.09.2025;1
5907738159404;;W;5;06.10.2025;13.08.2026;3
5907738159480;;P;6;13.10.2025;30.06.2026;3
5907739367365;;A;6;30.06.2025;01.06.2026;1
5907752661273;;A;5;22.09.2025;11.09.2027;1
5907752661280;;F;5;20.10.2025;11.09.2027;1
5907752661297;;G;1;22.04.2025;01.02.2027;1
5907752683510;;O;3;27.10.2025;04.04.2027;3
5907763674002;;K;3;09.06.2025;01.03.2026;23
5907763674019;;H;1;08.05.2025;01.09.2026;20
5907763674033;;M;4;16.06.2025;01.09.2026;26
5907763674064;;C;2;10.03.2025;01.06.2026;1
5907763674088;;R;3;12.05.2025;01.07.2026;18
5907766463023;;T;4;29.09.2025;04.10.2025;1
5907784827401;;R;5;22.09.2025;08.01.2026;1
5907784827401;;M;5;22.09.2025;08.01.2026;1
5907809337953;;I;3;14.08.2025;07.05.2026;2
5907814660022;;X;2;29.09.2025;14.03.2027;1
5907814660084;;H;5;11.08.2025;01.07.2026;2
5907814660190;;S;3;22.09.2025;07.03.2026;1
5907814660206;;U;4;22.09.2025;28.02.2027;2
5907814660206;;X;1;29.09.2025;28.02.2027;1
5907814660220;;T;2;13.10.2025;26.08.2026;2
5907814660435;;A;7;13.10.2025;04.07.2026;1
5907814660510;;S;5;13.10.2025;13.09.2026;2
5907814660633;;W;4;06.10.2025;11.08.2026;1
5907814660800;;U;2;20.10.2025;15.03.2027;1
5907814661036;;P;5;15.09.2025;24.11.2026;5
5907814661098;;F;5;28.08.2025;01.06.2026;1
5907814661180;;H;3;27.10.2025;31.07.2026;1
5907814661326;;W;3;20.10.2025;24.07.2026;2
5907814661500;;H;2;27.10.2025;08.09.2026;1
5907814661531;;T;4;22.09.2025;13.08.2026;3
5907814662231;;F;2;28.07.2025;01.04.2026;1
5907814662408;;A;3;22.09.2025;13.08.2026;1
5907814662736;;S;5;13.10.2025;04.08.2026;1
5907814662774;;S;5;20.10.2025;28.02.2026;2
5907814662781;;P;5;15.09.2025;29.05.2026;4
5907814662798;;H;3;27.10.2025;04.02.2027;1
5907814663009;;I;3;20.10.2025;29.12.2026;3
5907814663504;;U;5;06.10.2025;31.12.2026;2
5907814663603;;S;2;27.10.2025;14.05.2026;5
5907814663702;;U;4;06.10.2025;31.12.2026;1
5907814663733;;B;3;14.08.2025;21.03.2026;5
5907814663740;;J;2;13.10.2025;31.03.2027;1
5907814663740;;L;2;27.10.2025;31.03.2027;1
5907814663801;;N;2;27.10.2025;08.08.2026;2
5907814663801;;K;3;27.10.2025;14.07.2026;3
5907814663832;;U;3;27.10.2025;30.11.2026;2
5907814664204;;W;3;06.10.2025;30.06.2026;3
5907814664303;;K;2;28.07.2025;01.03.2026;2
5907814664709;;B;3;06.10.2025;20.08.2026;1
5907814664761;;K;1;20.10.2025;31.07.2026;1
5907814664808;;B;1;15.09.2025;30.04.2026;4
5907814664969;;F;3;20.10.2025;19.12.2026;1
5907814665003;;P;2;14.07.2025;01.07.2026;1
5907814665201;;R;1;08.09.2025;17.01.2027;1
5907814665393;;R;1;08.09.2025;28.05.2026;1
5907814665607;;B;2;22.09.2025;28.07.2026;1
5907814665706;;T;2;13.10.2025;20.08.2026;3
5907814665829;;H;3;29.09.2025;04.06.2026;2
5907814666062;;M;5;28.07.2025;01.03.2026;1
5907814666376;;S;2;27.10.2025;20.08.2026;1
5907814666390;;P;3;20.10.2025;30.09.2026;1
5907814666499;;N;2;16.06.2025;01.02.2026;1
5907814666574;;C;4;27.10.2025;05.08.2026;1
5907814666574;;Y;4;27.10.2025;05.08.2026;1
5907814666895;;U;1;20.10.2025;31.05.2027;1
5907814666994;;H;2;27.10.2025;23.04.2026;1
5907814667045;;C;4;27.10.2025;18.06.2026;1
5907814667496;;C;6;10.02.2025;01.12.2026;1
5907814667595;;K;2;20.10.2025;01.01.2029;1
5907814667861;;P;6;13.10.2025;14.11.2026;2
5907814667984;;G;4;14.08.2025;31.10.2026;1
5907814668424;;S;2;06.10.2025;12.02.2028;1
5907814668448;;P;4;20.10.2025;31.01.2027;2
5907814668561;;A;6;27.10.2025;19.05.2026;1
5907814668721;;S;2;29.09.2025;19.09.2026;1
5907814669179;;F;1;20.10.2025;04.03.2027;1
5907814669186;;F;2;20.10.2025;31.12.2027;1
5907814669186;;K;2;20.10.2025;31.12.2027;1
5907814669193;;W;4;06.10.2025;19.04.2026;1
5907814669193;;F;2;20.10.2025;19.04.2026;1
5907814669407;;G;2;12.05.2025;01.08.2026;1
5907814669834;;S;3;27.10.2025;14.04.2026;2
5907814669988;;K;5;29.09.2025;09.07.2026;4
5908228980522;;B;5;08.09.2025;16.02.2026;1
5908228980713;;S;5;28.08.2025;01.01.2026;1
5908228980966;;G;1;15.09.2025;02.03.2026;1
5908234462029;;J;3;07.07.2025;01.05.2027;1
5908234462692;;P;4;19.05.2025;01.10.2027;1
5908234462753;;W;2;06.10.2025;22.05.2026;7
5908249972087;;J;3;13.10.2025;31.12.2025;1
5908268768012;;C;6;15.09.2025;25.04.2026;1
5908268768012;;N;2;20.10.2025;23.09.2026;2
5908268768203;;R;5;27.10.2025;08.09.2026;1
5908271357005;;A;2;16.06.2025;01.03.2026;2
5908271357012;;Y;4;28.07.2025;01.01.2026;1
5908445470066;;F;2;14.08.2025;31.05.2026;7
5908445470066;;M;2;06.10.2025;31.05.2026;1
5908445470097;;K;4;15.09.2025;31.07.2026;2
5908445470141;;F;3;20.10.2025;21.03.2026;2
5908445470219;;U;5;06.10.2025;04.07.2026;2
5908445470608;;W;4;19.05.2025;01.03.2026;1
5908445470639;;U;4;20.10.2025;01.03.2026;3
5908445470837;;U;2;06.10.2025;28.08.2027;4
5908445470936;;U;4;20.10.2025;24.07.2026;5
5908445470943;;K;5;29.09.2025;31.01.2027;6
5908445471032;;F;3;14.08.2025;04.03.2027;5
5908445471339;;G;3;28.08.2025;01.03.2026;1
5908445471384;;F;1;20.10.2025;30.06.2027;1
5908445471544;;G;3;17.02.2025;01.11.2025;1
5908445471568;;U;5;28.08.2025;01.09.2026;1
5908445471728;;G;4;04.08.2025;01.11.2026;1
5908445472015;;O;3;29.09.2025;15.10.2026;1
5908445473982;;K;3;14.07.2025;01.12.2025;1
5908445474071;;U;3;20.10.2025;04.03.2027;2
5908445474682;;H;2;04.08.2025;01.05.2026;4
5908445474712;;U;5;06.10.2025;31.03.2027;2
5908445474897;;P;6;13.10.2025;31.10.2026;3
5908445474965;;L;3;27.10.2025;30.04.2026;4
5908445476303;;N;3;13.10.2025;29.05.2026;5
5908445476341;;N;3;27.10.2025;27.08.2026;1
5908445476600;;M;2;06.10.2025;16.05.2027;3
59099109;;C;7;13.10.2025;19.05.2026;1
5997412750690;;E;7;14.06.2024;20.04.2029;1
5998858701635;;T;1;01.09.2025;18.03.2026;1
5998858701659;;F;4;17.03.2025;01.12.2025;2
5998858706821;;T;4;20.10.2025;07.06.2026;4
599988548531;;G;2;22.04.2025;01.12.2027;4
680275060055;;K;2;14.06.2024;30.09.2025;1
6959493500822;;D;5;22.03.2025;22.04.2025;1
700596000612;;C;4;27.10.2025;20.05.2027;2
700596000629;;T;3;16.06.2025;01.06.2027;3
700596000681;;N;3;09.12.2024;01.04.2026;1
703556630768;;W;3;06.10.2025;17.06.2027;2
703556630775;;A;2;22.09.2025;17.06.2027;2
7035961841891;;T;2;12.05.2025;01.01.2029;1
733739006806;;A;2;19.05.2025;01.08.2028;1
733739013002;;Y;1;29.09.2025;01.01.2029;1
733739016614;;C;5;11.08.2025;01.01.2029;1
733739017550;;C;5;11.08.2025;01.03.2028;1
733739026750;;T;4;08.09.2025;01.04.2028;1
736658556797;;P;1;21.07.2025;01.01.2027;1
7640104951230;;O;4;29.09.2025;27.12.2026;1
7640104956235;;M;5;29.09.2025;01.05.2028;3
7640161875715;;H;3;24.02.2025;01.09.2026;3
7640161877337;;Y;4;06.10.2025;21.09.2026;1
7640161879744;;W;3;28.07.2025;01.02.2026;2
7640230490320;;U;2;29.09.2025;01.06.2026;4
7640230490801;;M;5;29.09.2025;01.10.2027;3
7640230490825;;W;2;14.08.2025;01.03.2029;1
7640230490962;;X;3;12.05.2025;01.07.2027;3
7640230491471;;M;5;29.09.2025;01.05.2028;3
7640230491730;;M;5;29.09.2025;01.02.2028;1
7640230493116;;R;3;13.10.2025;09.05.2026;1
7640230493130;;W;2;20.10.2025;07.08.2026;1
7640230493437;;W;4;28.08.2025;01.10.2026;1
7640230493512;;J;5;13.10.2025;29.10.2026;1
7640230493611;;O;1;06.10.2025;07.06.2026;1
7792710000151;;W;1;02.06.2025;01.10.2027;1
7792710000182;;K;5;17.03.2025;01.08.2027;4
786471696187;;H;5;29.09.2025;05.02.2027;2
786471696200;;G;1;06.10.2025;11.03.2027;1
8000825256776;;E;3;14.06.2024;24.04.2029;1
8002849910191;;W;2;06.10.2025;28.10.2027;1
8002849917879;;B;6;27.10.2025;25.11.2027;1
8002849925683;;H;3;15.07.2024;01.12.2029;1
8002885001655;;T;4;22.09.2025;23.05.2026;2
8002885001655;;X;3;29.09.2025;23.05.2026;5
8002885003628;;K;2;24.02.2025;20.08.2025;2
8002885004212;;Y;3;27.10.2025;31.10.2026;2
8002885004274;;C;3;27.10.2025;13.05.2026;4
8002885004632;;B;4;27.10.2025;13.07.2026;1
8002885004632;;K;4;27.10.2025;13.07.2026;3
8002885005110;;A;7;14.06.2024;01.09.2025;9
8002885007138;;Y;2;15.09.2025;26.04.2026;1
8002885007916;;O;4;29.09.2025;03.10.2026;1
8002885016796;;A;7;09.09.2024;05.09.2025;1
8004025801514;;N;5;03.03.2025;01.12.2025;1
8005221301327;;L;2;27.10.2025;03.12.2025;2
8008620053002;;G;4;20.10.2025;28.07.2026;1
8008620053019;;G;4;20.10.2025;09.09.2026;1
8008698024188;;A;2;06.10.2025;26.01.2026;1
8009004108578;;c;2;14.08.2024;23.11.2025;1
8009004108578;;I;3;22.03.2025;01.11.2025;1
8009004110014;;A;5;27.10.2025;16.03.2028;1
8009004118638;;A;6;13.10.2025;15.03.2028;1
8009004500013;;M;5;29.09.2025;19.05.2025;1
8009004809567;;O;5;22.04.2025;01.12.2026;1
8009004809604;;I;1;13.10.2025;16.06.2028;1
8009004810679;;J;1;13.10.2025;30.09.2028;2
8009004811355;;P;4;22.09.2025;24.01.2028;1
8009004811409;;A;3;27.10.2025;03.04.2027;3
8009004811959;;C;7;13.10.2025;16.04.2026;2
8009004812628;;U;5;22.09.2025;29.10.2027;1
8009004812833;;C;2;14.06.2024;01.09.2025;1
8009004812833;;B;6;04.11.2024;01.09.2025;3
8009004812833;;R;3;27.10.2025;17.09.2025;1
8009004812840;;Y;2;09.09.2024;02.09.2025;1
8009004812895;;A;1;20.10.2025;30.09.2027;1
8009004814028;;A;6;29.09.2025;11.10.2027;4
8009004814257;;Y;2;27.01.2025;01.09.2025;4
8009004814868;;R;5;27.10.2025;13.06.2027;1
8009004815056;;X;3;13.01.2025;01.12.2025;1
8009004815056;;B;6;18.04.2025;01.09.2025;4
8009004816060;;W;2;10.03.2025;01.12.2028;1
8009004816145;;T;4;28.08.2025;01.05.2026;3
8009004850200;;G;4;06.10.2025;29.10.2027;1
8009004850217;;W;1;20.10.2025;31.10.2027;1
8009004850224;;N;5;27.10.2025;28.03.2028;1
8009004850293;;K;1;29.09.2025;31.03.2027;1
8009004901179;;A;1;20.10.2025;25.06.2028;1
8009004901179;;S;5;20.10.2025;25.06.2028;1
8009004901353;;B;6;04.08.2025;01.04.2026;2
8009004908499;;G;3;15.09.2025;01.04.2026;1
8009004908512;;G;5;04.08.2025;01.01.2029;1
8009004908550;;G;3;26.05.2025;01.04.2026;2
8009004908550;;W;4;26.05.2025;01.04.2026;2
8016419001745;;L;5;17.03.2025;01.01.2027;1
8018759000105;;B;3;18.04.2025;01.03.2026;1
8019428000037;;T;2;06.10.2025;12.04.2026;2
8019428000105;;I;5;04.08.2025;01.08.2026;2
8019428000228;;M;5;22.09.2025;30.06.2026;2
8019428000327;;B;7;14.08.2025;23.08.2026;4
8019428000327;;R;5;22.09.2025;23.08.2026;1
8019428004080;;X;1;06.10.2025;14.05.2026;2
8019428004080;;T;4;06.10.2025;14.05.2026;5
8019428005001;;W;1;29.09.2025;26.03.2026;2
8019428005018;;N;4;04.08.2025;01.01.2026;2
8019428007067;;H;2;07.07.2025;01.01.2026;2
8019428007098;;H;5;28.08.2025;01.06.2026;1
8019428007272;;A;7;16.06.2025;01.11.2025;1
8019428007289;;W;3;27.10.2025;04.07.2026;1
8019428007579;;W;4;07.07.2025;01.04.2026;1
8019428007616;;I;2;20.10.2025;01.07.2026;1
8019428009122;;G;1;15.09.2025;24.02.2026;1
8021886093919;;D;2;14.06.2024;28.04.2029;1
8024336014526;;H;4;31.03.2025;01.08.2025;3
8024336014533;;B;2;03.03.2025;01.02.2026;1
8024985005234;;N;3;28.07.2025;01.06.2026;5
8024985008044;;C;2;26.05.2025;01.02.2026;1
8024985008044;;J;4;28.07.2025;01.02.2026;4
8024985011044;;M;3;22.03.2025;01.08.2025;1
8029689023294;;W;5;28.07.2025;01.05.2028;1
8034034861681;;G;2;12.05.2025;01.03.2028;1
8034034861704;;M;5;29.09.2025;26.02.2029;1
8050534140033;;F;1;20.10.2025;05.06.2028;1
8050534144192;;A;5;16.07.2024;05.02.2027;1
8050534144246;;T;5;10.02.2025;01.07.2027;1
8050534144635;;K;3;24.02.2025;01.06.2027;3
8050534145809;;J;2;22.03.2025;01.04.2027;1
8050534146004;;P;3;09.12.2024;01.05.2026;2
8050534146172;;U;3;03.02.2025;01.09.2027;1
8050534148817;;R;1;30.12.2024;01.04.2027;1
8050534148817;;B;2;18.04.2025;01.04.2027;1
8050534149098;;I;5;03.02.2025;01.05.2026;1
8050534149098;;B;5;17.02.2025;01.05.2026;1
8050534149302;;T;1;03.03.2025;01.06.2027;1
8052575091336;;R;3;22.09.2025;25.03.2028;1
8052575091350;;U;1;22.09.2025;27.12.2026;1
8052575091572;;G;3;13.01.2025;01.11.2025;1
8052575091978;;R;2;13.01.2025;01.10.2025;1
8410342002013;;R;5;27.10.2025;01.03.2027;1
8410342005618;;K;2;22.03.2025;01.01.2026;1
8410342005731;;S;3;27.10.2025;01.11.2026;2
8410342006301;;B;7;13.10.2025;15.01.2027;2
8410376050837;;L;2;20.10.2025;22.04.2026;4
8410376052893;;A;4;06.10.2025;08.07.2026;1
8412439285002;;W;2;06.10.2025;01.01.2029;1
8412439285019;;B;2;06.10.2025;23.06.2029;1
8412439285064;;F;6;04.08.2025;01.01.2028;1
8412439286917;;P;3;09.06.2025;01.11.2028;2
8435030572661;;M;1;14.06.2024;01.05.2028;74
8435507871358;;D;4;14.06.2024;01.05.2029;1
8437001476268;;W;2;27.10.2025;01.05.2028;1
8437001476640;;J;1;22.09.2025;01.04.2028;1
8437015940373;;C;2;10.03.2025;01.03.2026;2
8586011381533;;B;5;08.09.2025;04.08.2026;1
8586024422629;;C;6;15.09.2025;14.11.2025;1
8588003339416;;O;1;29.09.2025;09.11.2026;1
8588004918023;;O;5;27.10.2025;04.07.2026;14
8588004918047;;L;2;15.09.2025;02.07.2026;18
8588004918047;;W;4;22.09.2025;02.07.2026;14
8588004918061;;I;4;22.09.2025;05.08.2026;5
8588004918344;;J;4;29.09.2025;05.05.2026;15
8588004918351;;W;4;08.09.2025;16.06.2026;5
8588005524049;;S;3;20.10.2025;01.10.2026;35
8588006618129;;A;4;07.07.2025;01.04.2026;4
8588006618150;;A;3;07.07.2025;01.04.2026;1
8588006757392;;L;1;19.05.2025;01.03.2026;4
8588006757705;;I;2;07.04.2025;01.01.2026;1
8588007836409;;U;3;15.09.2025;25.03.2026;5
8588009572183;;C;4;07.07.2025;01.02.2026;3
8593539292692;;E;4;14.06.2024;05.05.2029;1
8594006661799;;Y;2;30.06.2025;01.01.2027;1
8594006663755;;C;3;12.05.2025;01.02.2026;3
8594006666480;;R;2;11.08.2025;01.03.2027;2
8594006666497;;R;1;11.08.2025;01.03.2027;4
8594006667524;;C;5;08.09.2025;12.02.2027;21
8594006667647;;B;7;14.08.2025;13.12.2026;13
8594006667692;;N;4;14.07.2025;01.03.2027;8
8594006668187;;C;5;16.06.2025;01.10.2026;24
8594006668217;;F;1;29.09.2025;12.05.2027;10
8594006668217;;B;4;29.09.2025;19.08.2027;4
8594006668224;;A;6;29.09.2025;25.03.2027;7
8594006668231;;T;3;29.09.2025;28.04.2027;8
8594006668323;;A;2;30.06.2025;01.12.2026;1
8594006668330;;W;5;16.06.2025;01.04.2027;4
8594006668354;;U;5;28.08.2025;01.03.2027;3
8594006668408;;U;4;28.08.2025;01.01.2027;41
8594006668439;;R;2;23.06.2025;01.03.2027;5
8594015704692;;F;4;11.08.2025;01.02.2028;1
8594015705408;;A;1;14.04.2025;01.01.2028;1
8594062350439;;X;2;16.06.2025;01.04.2027;1
8594067541030;;E;8;08.09.2025;15.10.2025;19
8594067541030;;D;5;10.09.2025;15.10.2025;9
8595178201738;;N;2;20.10.2025;01.11.2027;1
8595178204951;;B;3;13.10.2025;01.02.2028;1
8595178204968;;W;5;28.07.2025;01.01.2028;2
8595178206030;;Y;6;03.03.2025;01.09.2026;1
8595178217081;;L;5;16.06.2025;01.02.2027;2
8595582406576;;T;5;14.04.2025;01.09.2025;1
8595582413499;;A;5;12.11.2024;01.09.2026;1
8595582417114;;F;6;20.10.2025;29.04.2026;1
8595582417114;;L;1;20.10.2025;29.04.2026;1
8595582420671;;F;2;20.10.2025;02.05.2026;1
8595582420671;;L;4;20.10.2025;03.05.2026;5
8595582429131;;T;5;22.04.2025;01.05.2026;4
8699266390868;;H;2;13.10.2025;01.01.2028;1
8699266394842;;O;5;19.05.2025;01.01.2027;2
8699367125734;;W;2;27.10.2025;01.05.2028;1
8699367125741;;R;5;27.10.2025;01.03.2028;1
8711542002323;;J;3;22.03.2025;01.11.2025;1
8711542101156;;T;3;09.12.2024;01.11.2025;2
8712153627103;;A;3;06.10.2025;11.12.2027;2
8713576002591;;Y;2;08.09.2025;30.06.2027;1
8713576003871;;A;2;03.02.2025;01.06.2026;1
8713576008845;;N;5;27.10.2025;30.12.2026;1
8713576203011;;M;2;08.09.2025;06.03.2026;1
8713576271249;;X;1;20.10.2025;23.09.2026;1
8714265090127;;T;2;14.07.2025;01.07.2026;1
8714265090226;;A;6;08.09.2025;09.07.2026;3
8714265973574;;O;2;08.09.2025;08.08.2026;3
8714265973925;;W;3;09.06.2025;01.01.2027;1
8714265974878;;Y;2;08.09.2025;01.05.2026;1
8716788002380;;U;1;08.09.2025;07.04.2026;2
8716788002380;;X;2;13.10.2025;07.04.2026;1
8716788002380;;F;4;20.10.2025;07.04.2026;1
8716788002458;;K;7;22.09.2025;08.04.2026;2
8717496900135;;S;2;06.10.2025;01.03.2029;1
8717496900135;;G;4;06.10.2025;01.03.2029;1
8717496900142;;B;5;25.11.2024;01.01.2028;1
8717496900180;;O;3;27.10.2025;24.02.2028;1
8717496906946;;P;3;14.07.2025;01.04.2027;1
8717496906984;;M;4;27.10.2025;01.06.2029;1
8718754502016;;O;5;20.10.2025;25.04.2026;2
8718754502313;;N;1;27.10.2025;25.04.2026;1
8718754505635;;T;3;20.10.2025;14.03.2026;2
8718781200053;;S;1;22.09.2025;27.12.2026;1
8718976009584;;T;2;13.10.2025;05.02.2026;2
8718976016339;;M;4;29.09.2025;01.06.2028;1
8718976017268;;H;4;15.07.2024;20.12.2026;1
8718976020046;;M;3;22.03.2025;01.07.2027;1
8718976020121;;C;4;27.10.2025;26.06.2027;1
8718976020510;;U;6;27.10.2025;19.05.2026;1
8720618657329;;Y;1;22.04.2025;01.01.2027;2
87614019611;;Y;2;27.10.2025;01.01.2028;1
87614116907;;U;5;27.10.2025;01.01.2028;1
8858826308990;;N;2;22.09.2025;20.08.2026;1
8936181660417;;F;4;20.10.2025;08.04.2027;4
8936181660417;;J;2;20.10.2025;08.04.2027;1
8936181660424;;I;2;20.10.2025;05.01.2027;5
8936181660431;;R;5;13.10.2025;31.03.2027;7
8936181660448;;R;5;13.10.2025;08.04.2027;1
9008204908215;;S;5;27.10.2025;31.10.2026;6
9020200029251;;A;1;20.10.2025;28.04.2026;1
9020200029763;;R;1;04.08.2025;01.11.2025;1
9020200031032;;F;5;20.10.2025;12.03.2026;2
9020200031377;;T;1;20.10.2025;04.03.2026;2
9020200031391;;F;5;20.10.2025;02.07.2026;1
9120008990699;;U;1;22.09.2025;04.01.2027;4
9120008991306;;F;2;31.03.2025;01.11.2025;2
9120008994185;;X;2;12.05.2025;01.11.2026;3
9120008994222;;T;4;19.05.2025;01.11.2026;2
9120008994260;;M;5;28.07.2025;01.11.2026;3
9120008995823;;I;1;12.05.2025;01.09.2026;11
9120008996431;;F;5;20.10.2025;17.07.2026;4
9120008996479;;W;5;12.05.2025;01.01.2026;2
9120008998503;;B;5;19.05.2025;01.05.2026;1
9120008998565;;T;5;19.05.2025;01.08.2026;1
9120048830368;;T;1;10.02.2025;01.07.2026;1
9120048831150;;C;2;18.04.2025;01.01.2027;1
9120048833260;;B;3;16.07.2024;01.02.2026;1
9120100630066;;P;4;22.04.2025;01.03.2026;6
9772450250205;;C;1;14.06.2024;12.05.2029;8
9772450250205;;C;1;14.06.2024;13.05.2029;9
9772450250205;;C;1;14.06.2024;14.05.2029;3
9772450250205;;C;1;14.06.2024;15.05.2029;2
9772450250205;;C;1;14.06.2024;16.05.2029;8
9772450250205;;C;1;14.06.2024;17.05.2029;3
9772450250205;;C;1;14.06.2024;18.05.2029;1
9772450250205;;C;1;14.06.2024;19.05.2029;1
9772450250304;;C;2;14.06.2024;21.05.2029;7
9772450250304;;C;2;14.06.2024;22.05.2029;3
9788325339289;;D;2;14.06.2024;23.05.2029;1
9788378604921;;D;1;14.06.2024;25.05.2029;1
9788378604969;;D;1;14.06.2024;26.05.2029;1
5903933643687;;A;1;03.11.2025;30.09.2026;1
5908249971950;;A;1;03.11.2025;26.04.2026;1
5908249979550;;A;2;03.11.2025;20.08.2027;2
5900900003215;;A;2;03.11.2025;01.05.2028;1
5901866003813;;A;2;03.11.2025;12.06.2027;1
5907653106170;;A;2;03.11.2025;19.03.2026;1
5901866005916;;A;2;03.11.2025;06.11.2025;1
5904257043481;;A;2;03.11.2025;24.04.2026;1
5902706731576;;A;3;03.11.2025;28.01.2028;1
5904954645445;;A;4;03.11.2025;01.09.2026;1
8721082004305;;B;1;03.11.2025;07.04.2026;3
8718754505048;;B;2;03.11.2025;01.04.2026;1
8595178200748;;B;2;03.11.2025;01.11.2027;3
5906940001945;;B;2;03.11.2025;21.07.2028;2
8856848001318;;B;2;03.11.2025;16.12.2025;2
5905155515216;;B;3;03.11.2025;06.08.2026;1
5902367406219;;B;3;03.11.2025;01.09.2026;18
5907784827227;;A;5;03.11.2025;19.02.2026;1
8718976015820;;A;6;03.11.2025;05.12.2027;2
8717496904317;;A;6;03.11.2025;08.07.2026;1
5900672302110;;B;4;03.11.2025;21.02.2027;2
8718976021647;;B;4;03.11.2025;01.11.2027;1
5907752683640;;B;4;03.11.2025;10.09.2027;1
7640230491457;;B;4;03.11.2025;01.01.2028;3
4044889004793;;B;4;03.11.2025;01.11.2026;3
5907653106606;;B;6;03.11.2025;17.04.2026;1
8714265090523;;B;6;03.11.2025;17.02.2027;4
7640161877061;;B;6;03.11.2025;12.11.2026;4
5904954645414;;B;7;03.11.2025;05.08.2026;1
5904954645438;;B;7;03.11.2025;01.09.2026;1
4010139181064;;C;2;03.11.2025;01.05.2026;1
5998858704797;;C;2;03.11.2025;22.03.2026;2
5907814661906;;C;3;03.11.2025;31.12.2026;5
5902983782728;;C;4;03.11.2025;30.04.2026;1
5902983782773;;C;6;03.11.2025;12.04.2027;1
5907814660503;;C;6;03.11.2025;31.07.2026;1
5907814662330;;C;6;03.11.2025;08.07.2026;2
4260183213277;;C;6;03.11.2025;27.11.2026;1
8713576173253;;C;4;03.11.2025;30.06.2027;1
4038375025065;;C;4;03.11.2025;24.03.2026;2
5906732622020;;Y;2;03.11.2025;01.08.2027;1
5906750250571;;Y;2;03.11.2025;01.04.2027;2
5902367407315;;Y;5;03.11.2025;04.06.2028;4
5998858704681;;Y;6;03.11.2025;19.03.2026;1
3375190410036;;Y;6;03.11.2025;24.02.2026;31
5908249974845;;F;1;03.11.2025;03.02.2027;7
5907814667878;;X;3;03.11.2025;30.11.2026;2
5907814664082;;X;4;03.11.2025;31.07.2026;1
5903900369879;;X;4;03.11.2025;30.04.2027;1
5902706270044;;X;4;03.11.2025;30.10.2026;1
5902605416468;;W;1;03.11.2025;31.05.2026;1
5902605412026;;W;1;03.11.2025;30.09.2026;1
5902983782773;;W;2;03.11.2025;12.04.2027;1
5905689311117;;W;2;03.11.2025;06.08.2026;1
3445020002592;;W;2;03.11.2025;01.12.2026;1
5907814661425;;W;2;03.11.2025;31.05.2027;2
4006040659341;;W;2;03.11.2025;21.07.2026;1
5901866005510;;W;2;03.11.2025;25.09.2027;1
5902983782605;;W;3;03.11.2025;01.04.2026;2
5907738159749;;W;3;03.11.2025;12.12.2026;1
4820219347484;;W;3;03.11.2025;22.06.2026;2
5903228160103;;W;3;03.11.2025;26.09.2027;2
5908268768111;;W;3;03.11.2025;23.09.2026;1
4012346105505;;W;3;03.11.2025;01.03.2028;1
5425038430387;;U;1;03.11.2025;10.01.2027;1
5907738155802;;U;1;03.11.2025;30.06.2027;3
5900900002843;;U;1;03.11.2025;01.02.2028;1
8714685902208;;U;2;03.11.2025;25.12.2025;1
5902425055601;;U;2;03.11.2025;27.05.2027;4
4038375024600;;U;2;03.11.2025;27.02.2026;3
5021991941580;;U;2;03.11.2025;07.07.2027;1
8595178201714;;U;2;03.11.2025;01.07.2027;3
5021991941597;;U;3;03.11.2025;24.11.2027;2
8721082004091;;U;6;03.11.2025;03.05.2026;3
4004790110303;;T;1;03.11.2025;01.08.2026;3
4744481011068;;T;1;03.11.2025;08.05.2026;1
5902367402525;;T;1;03.11.2025;01.04.2027;4
5904183437828;;T;1;03.11.2025;01.01.2028;1
5907652545543;;T;1;03.11.2025;09.10.2026;2
8717496904041;;T;2;03.11.2025;12.04.2026;1
5021991941733;;T;2;03.11.2025;08.07.2027;1
5906874505106;;T;2;03.11.2025;03.03.2027;2
5902741001061;;T;3;03.11.2025;11.02.2026;1
5900038001930;;T;3;03.11.2025;01.07.2026;1
5905279630048;;T;3;03.11.2025;09.07.2026;1
4005394116111;;T;3;03.11.2025;30.11.2026;1
5901597385745;;T;3;03.11.2025;01.06.2026;1
8588004918344;;T;3;03.11.2025;05.05.2026;1
5904703901785;;F;7;03.11.2025;05.11.2026;27
8588004918030;;T;4;03.11.2025;22.09.2026;23
5901902004729;;T;5;03.11.2025;17.09.2028;1
5907814666314;;T;5;03.11.2025;04.08.2026;1
8436565962736;;T;5;03.11.2025;01.02.2027;1
8002849910191;;S;1;03.11.2025;28.10.2027;1
8717496900173;;S;1;03.11.2025;01.03.2029;3
5906732624611;;S;1;03.11.2025;01.02.2027;2
4006040063339;;S;1;03.11.2025;01.07.2029;1
8717496900159;;S;1;03.11.2025;17.12.2027;2
4016249150372;;S;1;03.11.2025;09.07.2026;2
5906732624383;;S;1;03.11.2025;01.06.2027;1
5425038430387;;R;1;03.11.2025;10.01.2027;1
8009004120129;;R;1;03.11.2025;22.08.2028;1
5902605410145;;R;1;03.11.2025;31.12.2026;1
5907814664099;;R;2;03.11.2025;22.02.2027;1
5902983781226;;R;2;03.11.2025;30.09.2026;1
5998858706852;;R;3;03.11.2025;02.02.2026;1
5999885485468;;R;4;03.11.2025;04.09.2028;5
5902837812069;;P;1;03.11.2025;23.07.2026;1
4012346210001;;P;1;03.11.2025;01.09.2027;1
4012346157306;;P;2;03.11.2025;01.11.2027;1
8009004809598;;P;2;03.11.2025;18.04.2027;1
5902431592091;;P;2;03.11.2025;25.02.2026;1
4055297149556;;P;2;03.11.2025;01.11.2027;1
5903548001889;;P;3;03.11.2025;22.08.2026;1
5908310446394;;P;4;03.11.2025;01.12.2027;1
8594006661966;;P;5;03.11.2025;19.08.2027;1
5903246867558;;P;5;03.11.2025;02.09.2027;1
5907786841412;;P;6;03.11.2025;01.05.2028;1
5902768527919;;O;1;03.11.2025;05.09.2027;3
5906750250571;;O;1;03.11.2025;01.09.2026;2
5902565216795;;O;2;03.11.2025;10.07.2026;5
4012346100807;;O;2;03.11.2025;01.03.2028;1
8594006661966;;O;3;03.11.2025;19.05.2027;1
5902741001849;;O;3;03.11.2025;05.09.2027;2
3800218255219;;O;4;03.11.2025;25.06.2026;6
5903246866230;;O;4;03.11.2025;30.09.2026;1
4006040063339;;O;4;03.11.2025;01.07.2029;1
5902596076498;;O;5;03.11.2025;29.09.2027;3
8588004918030;;H;4;03.11.2025;08.09.2026;22
8588004918016;;H;5;03.11.2025;05.08.2026;8
5902605414044;;M;1;03.11.2025;02.07.2026;2
4012346157009;;M;2;03.11.2025;01.02.2028;1
5998858706852;;M;2;03.11.2025;02.02.2026;1
4012346157108;;M;2;03.11.2025;01.01.2028;2
4005394143049;;M;2;03.11.2025;01.03.2028;2
8586011382066;;M;3;03.11.2025;08.09.2026;2
5907763674019;;M;3;03.11.2025;01.09.2026;1
5901866005510;;M;3;03.11.2025;25.09.2027;1
8714265973154;;M;3;03.11.2025;01.02.2027;4
5902741004208;;M;3;03.11.2025;02.09.2027;3
5907814664877;;M;4;03.11.2025;01.01.2029;4
5905940370846;;K;1;03.11.2025;01.03.2027;1
5906489288050;;K;1;03.11.2025;15.03.2027;2
8718754501972;;G;1;03.11.2025;28.11.2025;1
5902741002815;;G;1;03.11.2025;02.09.2027;1
5906395341313;;G;3;03.11.2025;02.02.2026;1
5902605416642;;G;3;03.11.2025;31.12.2026;1
5908445476280;;F;3;03.11.2025;22.09.2026;5
8009004210042;;F;3;03.11.2025;30.04.2028;2
8595582430410;;F;3;03.11.2025;09.05.2026;2
5907738158063;;F;4;03.11.2025;19.04.2026;2
5902448165110;;F;4;03.11.2025;10.12.2026;2
5907814665409;;F;4;03.11.2025;12.06.2027;1
5905279799363;;F;1;03.11.2025;01.09.2027;1
5902741006103;;F;1;03.11.2025;04.08.2027;1
5902367405236;;G;1;03.11.2025;07.08.2027;4
5998858703929;;K;7;03.11.2025;10.02.2026;7
5901902002404;;J;1;03.11.2025;01.04.2028;3
5900028008536;;M;4;03.11.2025;06.10.2026;2
5902367402532;;J;5;03.11.2025;01.04.2027;3
4012824400252;;J;5;03.11.2025;30.04.2028;1
5902565214968;;J;5;03.11.2025;30.09.2026;1
5908271357074;;J;5;03.11.2025;01.08.2026;1
4770405228854;;I;5;03.11.2025;28.01.2028;5
4770405228847;;I;5;03.11.2025;13.06.2027;5
5021991941689;;H;1;03.11.2025;13.01.2028;2
8002885005097;;H;4;03.11.2025;22.10.2026;2
5903246867558;;H;5;03.11.2025;04.09.2027;1
5903548001810;;H;5;03.11.2025;29.09.2026;2
5907814668042;;I;1;03.11.2025;31.07.2026;2
5900038001039;;I;2;03.11.2025;01.09.2026;2
5900038003330;;I;3;03.11.2025;01.08.2026;2
5902650272224;;I;3;03.11.2025;22.12.2026;2
5907814662606;;I;3;03.11.2025;31.03.2028;2
5907814667960;;I;4;03.11.2025;14.11.2026;1
5907814667946;;I;4;03.11.2025;16.08.2026;1
5907771442457;;I;5;03.11.2025;27.09.2026;1
8009004901308;;I;5;03.11.2025;21.09.2026;3
5908258871616;;I;5;03.11.2025;01.01.2027;3
4038375024204;;KOSZ;1;04.11.2025;04.11.2026;1
5906750251363;;KOSZ;1;04.11.2025;04.11.2026;1
5902431591407;;KOSZ;1;04.11.2025;04.11.2026;1
3184340000535;;KOSZ;1;04.11.2025;04.11.2026;1
4012824404281;;KOSZ;1;04.11.2025;04.11.2026;1
4012824401167;;KOSZ;1;04.11.2025;04.11.2026;1
5904538034344;;KOSZ;1;04.11.2025;04.11.2026;1
4270000598203;;KOSZ;1;04.11.2025;04.11.2026;1
4012824406070;;KOSZ;1;04.11.2025;04.11.2026;1
3760092218093;;KOSZ;1;04.11.2025;04.11.2026;1
5902741006295;;KOSZ;1;04.11.2025;04.11.2026;1
5905562028958;;KOSZ;1;04.11.2025;04.11.2026;1
5905679882320;;KOSZ;1;04.11.2025;04.11.2026;1
5908445471650;;KOSZ;1;04.11.2025;04.11.2026;1
5907738159671;;KOSZ;1;04.11.2025;04.11.2026;1
5907814663634;;KOSZ;1;04.11.2025;04.11.2026;1
5903853400001;;KOSZ;1;04.11.2025;04.11.2026;1
5907814661203;;KOSZ;1;04.11.2025;04.11.2026;1
5907738159244;;KOSZ;1;04.11.2025;04.11.2026;1
5902175869961;;KOSZ;1;04.11.2025;04.11.2026;1
5998858703882;;KOSZ;2;04.11.2025;04.11.2026;2
8856848001370;;KOSZ;2;04.11.2025;04.11.2026;3
7640230492805;;KOSZ;2;04.11.2025;04.11.2026;3
8594006668279;;KOSZ;2;04.11.2025;04.11.2026;29
5902741004505;;KOSZ;2;04.11.2025;04.11.2026;4
5902768527582;;KOSZ;2;04.11.2025;04.11.2026;2
8009004901308;;KOSZ;2;04.11.2025;04.11.2026;3
8718754502078;;KOSZ;2;04.11.2025;04.11.2026;2
4015637823942;;KOSZ;2;04.11.2025;04.11.2026;2
5902565216306;;KOSZ;2;04.11.2025;04.11.2026;1
8716788002403;;KOSZ;2;04.11.2025;04.11.2026;2
8009004809468;;KOSZ;3;04.11.2025;04.11.2026;2
5902367407056;;KOSZ;3;04.11.2025;04.11.2026;2
4038375024419;;KOSZ;3;04.11.2025;04.11.2026;2
8713576002768;;KOSZ;3;04.11.2025;04.11.2026;1
5902367409777;;KOSZ;3;04.11.2025;04.11.2026;6
5902367409753;;KOSZ;3;04.11.2025;04.11.2026;7
8856848001325;;KOSZ;3;04.11.2025;04.11.2026;3
5903246861952;;KOSZ;3;04.11.2025;04.11.2026;2
3800500324463;;KOSZ;3;04.11.2025;04.11.2026;2
7640230493178;;KOSZ;3;04.11.2025;04.11.2026;2
5021991941764;;KOSZ;3;04.11.2025;04.11.2026;2
5903548002039;;KOSZ;3;04.11.2025;04.11.2026;2
5907814665102;;KOSZ;3;04.11.2025;04.11.2026;1
5907814662002;;KOSZ;3;04.11.2025;04.11.2026;2
5902425055564;;KOSZ;3;04.11.2025;04.11.2026;2
5908445475436;;KOSZ;4;04.11.2025;04.11.2026;1
5902367404994;;KOSZ;4;04.11.2025;04.11.2026;5
4016249150358;;KOSZ;4;04.11.2025;04.11.2026;2
5902367407056;;KOSZ;4;04.11.2025;04.11.2026;1
8712153027156;;KOSZ;4;04.11.2025;04.11.2026;3
4016512061152;;KOSZ;4;04.11.2025;04.11.2026;1
4019555705731;;KOSZ;4;04.11.2025;04.11.2026;1
5907738152771;;KOSZ;4;04.11.2025;04.11.2026;1
5902448169262;;KOSZ;4;04.11.2025;04.11.2026;1
5060691237210;;KOSZ;4;04.11.2025;04.11.2026;1
7640161876989;;KOSZ;4;04.11.2025;04.11.2026;4
7640161879980;;KOSZ;4;04.11.2025;04.11.2026;4
4270000598227;;KOSZ;4;04.11.2025;04.11.2026;1
8050534149890;;KOSZ;4;04.11.2025;04.11.2026;1
4018462192009;;KOSZ;5;04.11.2025;04.11.2026;1
8009004810556;;KOSZ;5;04.11.2025;04.11.2026;1
8712439040909;;KOSZ;5;04.11.2025;04.11.2026;1
5902425055724;;KOSZ;5;04.11.2025;04.11.2026;1
5903900365772;;KOSZ;5;04.11.2025;04.11.2026;2
5902425056011;;KOSZ;5;04.11.2025;04.11.2026;2
5907738159374;;KOSZ;5;04.11.2025;04.11.2026;2
5907814661708;;KOSZ;5;04.11.2025;04.11.2026;2
5907814669568;;KOSZ;5;04.11.2025;04.11.2026;2
5900038001657;;KOSZ;5;04.11.2025;04.11.2026;19
5907738152795;;KOSZ;5;04.11.2025;04.11.2026;3
5900900003376;;KOSZ;5;04.11.2025;04.11.2026;4
5907745970023;;KOSZ;5;04.11.2025;04.11.2026;1
2537213004566;;KOSZ;5;04.11.2025;04.11.2026;2
5998858706814;;KOSZ;6;04.11.2025;04.11.2026;9
5903453003633;;KOSZ;6;04.11.2025;04.11.2026;3
5902367401115;;KOSZ;7;04.11.2025;04.11.2026;1
7640230493338;;KOSZ;7;04.11.2025;04.11.2026;1
7640230493314;;KOSZ;7;04.11.2025;04.11.2026;1
5400164135054;;KOSZ;7;04.11.2025;04.11.2026;2
8713576282559;;KOSZ;7;04.11.2025;04.11.2026;1
4012346628509;;KOSZ;7;04.11.2025;04.11.2026;1
5902175866083;;KOSZ;7;04.11.2025;04.11.2026;1
4015637823942;;KOSZ;7;04.11.2025;04.11.2026;1
5903246860405;;KOSZ;7;04.11.2025;04.11.2026;1
7640161872301;;KOSZ;7;04.11.2025;04.11.2026;1
5902741001344;;KOSZ;7;04.11.2025;04.11.2026;1
5901902008529;;KOSZ;7;04.11.2025;04.11.2026;1
5900038003378;;KOSZ;7;04.11.2025;04.11.2026;1
5900038003385;;KOSZ;7;04.11.2025;04.11.2026;1
5902983782711;;KOSZ;7;04.11.2025;04.11.2026;1
5902565214388;;KOSZ;7;04.11.2025;04.11.2026;1
4012824406018;;KOSZ;7;04.11.2025;04.11.2026;1
8009004811591;;KOSZ;7;04.11.2025;04.11.2026;1
5907814664402;;KOSZ;7;04.11.2025;04.11.2026;1
5902448165097;;KOSZ;7;04.11.2025;04.11.2026;1
5907814668066;;KOSZ;7;04.11.2025;04.11.2026;1
5903900367950;;KOSZ;7;04.11.2025;04.11.2026;1
5902425059364;;KOSZ;7;04.11.2025;04.11.2026;1
5902605414129;;KOSZ;7;04.11.2025;04.11.2026;1
5907738159244;;KOSZ;7;04.11.2025;04.11.2026;1
5902448165097;;KOSZ;7;04.11.2025;04.11.2026;1
5909000690950;;KOSZ;7;04.11.2025;04.11.2026;1
5902650278097;;KOSZ;7;04.11.2025;04.11.2026;1
5902425050248;;KOSZ;8;04.11.2025;04.11.2026;4
5902425050545;;KOSZ;8;04.11.2025;04.11.2026;2
8009004810556;;KOSZ;8;04.11.2025;04.11.2026;1
5902768514773;;KOSZ;8;04.11.2025;04.11.2026;3
5907814667311;;KOSZ;8;04.11.2025;04.11.2026;2
5904538032272;;KOSZ;8;04.11.2025;04.11.2026;2
7640230490726;;KOSZ;8;04.11.2025;04.11.2026;2
4000799110818;;KOSZ;8;04.11.2025;04.11.2026;2
5902983782766;;KOSZ;8;04.11.2025;04.11.2026;2
5907670799935;;KOSZ;8;04.11.2025;04.11.2026;1
5907814663238;;KOSZ;8;04.11.2025;04.11.2026;1
5902425055496;;KOSZ;8;04.11.2025;04.11.2026;1
5908445470165;;KOSZ;8;04.11.2025;04.11.2026;2
5998858704780;;KOSZ;8;04.11.2025;04.11.2026;3
8009004810549;;KOSZ;9;04.11.2025;04.11.2026;1
5907814668097;;KOSZ;9;04.11.2025;04.11.2026;1
5907738152511;;KOSZ;9;04.11.2025;04.11.2026;1
5901866005497;;KOSZ;9;04.11.2025;04.11.2026;1
5907814667311;;KOSZ;9;04.11.2025;04.11.2026;3
5907814665898;;KOSZ;9;04.11.2025;04.11.2026;2
5902983787877;;KOSZ;9;04.11.2025;04.11.2026;3
5907814660732;;KOSZ;9;04.11.2025;04.11.2026;2
5908445470967;;KOSZ;9;04.11.2025;04.11.2026;4
5907814660701;;KOSZ;9;04.11.2025;04.11.2026;2
5902367401115;;KOSZ;9;04.11.2025;04.11.2026;1
5907814669568;;KOSZ;9;04.11.2025;04.11.2026;2
5902367404888;;KOSZ;10;04.11.2025;04.11.2026;4
5902367400040;;KOSZ;10;04.11.2025;04.11.2026;9
5903548002039;;KOSZ;10;04.11.2025;04.11.2026;8
5907763674897;;KOSZ;10;04.11.2025;04.11.2026;1
8594006668279;;KOSZ;10;04.11.2025;04.11.2026;28
5907738158155;;KOSZ;10;04.11.2025;04.11.2026;10
5998858704681;;KOSZ;11;04.11.2025;04.11.2026;6
5998858706814;;KOSZ;11;04.11.2025;04.11.2026;10
5908249971769;;KOSZ;12;06.11.2025;04.11.2026;1
8713576114102;;KOSZ;12;06.11.2025;04.11.2026;1
5902175866083;;KOSZ;12;06.11.2025;04.11.2026;2
5902175866076;;KOSZ;12;06.11.2025;04.11.2026;2
5902367402594;;KOSZ;12;06.11.2025;04.11.2026;4
5060691233502;;KOSZ;12;06.11.2025;04.11.2026;2
8718976020145;;KOSZ;12;06.11.2025;04.11.2026;2
5907738158056;;KOSZ;12;06.11.2025;04.11.2026;2
5907713374914;;KOSZ;12;06.11.2025;04.11.2026;1
5907814664181;;KOSZ;12;06.11.2025;04.11.2026;2
5060691233502;;KOSZ;12;06.11.2025;04.11.2026;2
4751022365597;;KOSZ;12;06.11.2025;04.11.2026;2
5902425051160;;KOSZ;13;06.11.2025;04.11.2026;3
5903453005415;;KOSZ;13;06.11.2025;04.11.2026;5
5999885485307;;KOSZ;13;06.11.2025;04.11.2026;4
5999885485321;;KOSZ;13;06.11.2025;04.11.2026;4
5902983785668;;KOSZ;13;06.11.2025;04.11.2026;1
8002885007541;;KOSZ;13;06.11.2025;04.11.2026;3
5902367401542;;KOSZ;13;06.11.2025;04.11.2026;4
3800218255042;;KOSZ;13;06.11.2025;04.11.2026;6
5908445470165;;KOSZ;13;06.11.2025;04.11.2026;3
3800501908594;;KOSZ;13;06.11.2025;04.11.2026;2
5905279630604;;KOSZ;13;06.11.2025;04.11.2026;2
4000147002819;;KOSZ;13;06.11.2025;04.11.2026;3
5902175863082;;KOSZ;13;06.11.2025;04.11.2026;2
5902983785705;;KOSZ;14;06.11.2025;04.11.2026;1
4016249003531;;KOSZ;14;06.11.2025;04.11.2026;1
5902425055960;;KOSZ;14;06.11.2025;04.11.2026;1
8437001476404;;KOSZ;14;06.11.2025;04.11.2026;1
7640230493338;;KOSZ;14;06.11.2025;04.11.2026;1
4044889005264;;KOSZ;14;06.11.2025;04.11.2026;1
5904257043146;;KOSZ;14;06.11.2025;04.11.2026;1
5902605416659;;KOSZ;14;06.11.2025;04.11.2026;1
5902488066118;;KOSZ;14;06.11.2025;04.11.2026;1
4015637005102;;KOSZ;14;06.11.2025;04.11.2026;1
4018722344698;;KOSZ;14;06.11.2025;04.11.2026;1
5907814668783;;KOSZ;14;06.11.2025;04.11.2026;1
5902983785781;;KOSZ;14;06.11.2025;04.11.2026;1
3380380057953;;KOSZ;14;06.11.2025;04.11.2026;1
5021991941566;;KOSZ;14;06.11.2025;04.11.2026;1
5907653105371;;KOSZ;14;06.11.2025;04.11.2026;1
5905279630604;;KOSZ;14;06.11.2025;04.11.2026;1
8588004918030;;KOSZ;14;06.11.2025;04.11.2026;1
8002885003390;;KOSZ;14;06.11.2025;04.11.2026;1
5907814661074;;KOSZ;14;06.11.2025;04.11.2026;1
5902983785637;;KOSZ;14;06.11.2025;04.11.2026;1
5902605416482;;KOSZ;14;06.11.2025;04.11.2026;1
5902425050996;;KOSZ;14;06.11.2025;04.11.2026;1
5902425050866;;KOSZ;14;06.11.2025;04.11.2026;1
5904730393027;;KOSZ;6;06.11.2025;04.11.2026;13
5908228980171;;KOSZ;15;06.11.2025;04.11.2026;4
5902367409081;;KOSZ;15;06.11.2025;04.11.2026;2
5907738152733;;KOSZ;15;06.11.2025;04.11.2026;2
8586011381496;;KOSZ;15;06.11.2025;04.11.2026;3
4751022365757;;KOSZ;15;06.11.2025;04.11.2026;2
5901764234937;;KOSZ;15;06.11.2025;04.11.2026;2
5903111903787;;KOSZ;15;06.11.2025;04.11.2026;4
5903864780017;;KOSZ;15;06.11.2025;04.11.2026;4
253721;;KOSZ;15;06.11.2025;04.11.2026;2
5907766463047;;KOSZ;16;06.11.2025;04.11.2026;1
4044889002171;;KOSZ;16;06.11.2025;04.11.2026;1
4044889001129;;KOSZ;16;06.11.2025;04.11.2026;1
4044889003208;;KOSZ;16;06.11.2025;04.11.2026;1
4044889003192;;KOSZ;16;06.11.2025;04.11.2026;1
8717496903990;;KOSZ;16;06.11.2025;04.11.2026;1
5908249972230;;KOSZ;16;06.11.2025;04.11.2026;1
5908249970267;;KOSZ;16;06.11.2025;04.11.2026;1
8412439285330;;KOSZ;16;06.11.2025;04.11.2026;1
8718976020206;;KOSZ;16;06.11.2025;04.11.2026;1
5022496016940;;KOSZ;16;06.11.2025;04.11.2026;1
8718421272204;;KOSZ;16;06.11.2025;04.11.2026;1
5903794183919;;KOSZ;16;06.11.2025;04.11.2026;1
5907751403928;;KOSZ;16;06.11.2025;04.11.2026;1
5907738159473;;KOSZ;16;06.11.2025;04.11.2026;1
8588004918030;;KOSZ;16;06.11.2025;04.11.2026;1
3760092218277;;KOSZ;16;06.11.2025;04.11.2026;1
8594006669146;;KOSZ;16;06.11.2025;04.11.2026;1
5902425057261;;KOSZ;16;06.11.2025;04.11.2026;1
5902605414082;;KOSZ;16;06.11.2025;04.11.2026;1
5907738159473;;KOSZ;16;06.11.2025;04.11.2026;1
5903900361828;;KOSZ;16;06.11.2025;04.11.2026;1
4006040635024;;KOSZ;16;06.11.2025;04.11.2026;1
5907814661807;;KOSZ;16;06.11.2025;04.11.2026;1
5902425050996;;KOSZ;17;06.11.2025;04.11.2026;2
8009004208490;;KOSZ;17;06.11.2025;04.11.2026;2
8009004110021;;KOSZ;17;06.11.2025;04.11.2026;2
5907814661173;;KOSZ;17;06.11.2025;04.11.2026;2
5060691233502;;KOSZ;17;06.11.2025;04.11.2026;1
8422675001687;;KOSZ;17;06.11.2025;04.11.2026;2
5906874505120;;KOSZ;17;06.11.2025;04.11.2026;2
5903453003664;;KOSZ;17;06.11.2025;04.11.2026;1
5905265582580;;KOSZ;17;06.11.2025;04.11.2026;4
5902367401849;;KOSZ;17;06.11.2025;04.11.2026;4
5902650275638;;KOSZ;17;06.11.2025;04.11.2026;6
5902650275614;;KOSZ;17;06.11.2025;04.11.2026;12
5060691233540;;KOSZ;17;06.11.2025;04.11.2026;2
5902983781233;;KOSZ;17;06.11.2025;04.11.2026;1
5999885485307;;KOSZ;18;06.11.2025;04.11.2026;5
5902367403584;;KOSZ;18;06.11.2025;04.11.2026;5
5902367403560;;KOSZ;18;06.11.2025;04.11.2026;5
4038375024204;;KOSZ;18;06.11.2025;04.11.2026;3
5904257043498;;KOSZ;18;06.11.2025;04.11.2026;1
5901902004279;;KOSZ;18;06.11.2025;04.11.2026;3
8009004120129;;KOSZ;1;06.11.2025;04.11.2026;1
4260355584105;;KOSZ;1;06.11.2025;04.11.2026;1
5904183437781;;KOSZ;1;06.11.2025;04.11.2026;1
5905940371706;;KOSZ;1;06.11.2025;04.11.2026;1
5905811977013;;KOSZ;1;06.11.2025;04.11.2026;6
5905811977020;;KOSZ;1;06.11.2025;04.11.2026;1
;;;;;;
;;;;;;
;;;;;;
;;;;;;
;;;;;;
;;;;;;
;;;;;;
;;;;;;
;;;;;;
;;;;;;
;;;;;;
;;;;;;
;;;;;;
;;;;;;
;;;;;;
;;;;;;
;;;;;;
;;;;;;
;;;;;;
;;;;;;
;;;;;;
;;;;;;
;;;;;;
;;;;;;
;;;;;;
;;;;;;
;;;;;;
;;;;;;
;;;;;;
;;;;;;
;;;;;;
;;;;;;
;;;;;;
;;;;;;
;;;;;;
;;;;;;
;;;;;;
;;;;;;
;;;;;;
;;;;;;
;;;;;;
;;;;;;
;;;;;;
;;;;;;
;;;;;;
;;;;;;
;;;;;;
;;;;;;
;;;;;;
;;;;;;
;;;;;;
;;;;;;
;;;;;;
;;;;;;
;;;;;;
;;;;;;
;;;;;;
;;;;;;
;;;;;;
;;;;;;
;;;;;;
;;;;;;
;;;;;;
;;;;;;
;;;;;;
;;;;;;
;;;;;;
;;;;;;
;;;;;;
;;;;;;
;;;;;;
;;;;;;
;;;;;;
;;;;;;
;;;;;;
;;;;;;
;;;;;;
;;;;;;
;;;;;;
;;;;;;
;;;;;;
;;;;;;
;;;;;;
;;;;;;
;;;;;;
;;;;;;
;;;;;;
